fixIdx,time,lat,lng,alt,tickLead,tickRace,zoneIdx,legIdx,togo,area
1,,,,239.0,-800.843249218136,-800.843249218136,1,0,133.42,0.0
2,,,,241.0,-723.843249218136,-723.843249218136,2,0,133.419,0.0
5,,,,242.0,-517.843249218136,-517.843249218136,5,0,133.418,0.0
31,,,,271.0,256.156750781864,256.156750781864,7,1,133.416,0.0
32,,,,274.0,258.156750781864,258.156750781864,8,1,133.415,0.0
68,,,,411.0,325.156750781864,325.156750781864,44,1,133.411,0.0
69,,,,415.0,329.156750781864,329.156750781864,45,1,133.366,0.0
70,,,,421.0,332.156750781864,332.156750781864,46,1,133.328,0.0
71,,,,420.0,333.156750781864,333.156750781864,47,1,133.315,0.0
72,,,,420.0,335.156750781864,335.156750781864,48,1,133.288,0.0
73,,,,423.0,338.156750781864,338.156750781864,49,1,133.243,0.0
74,,,,427.0,340.156750781864,340.156750781864,50,1,133.214,0.0
75,,,,428.0,342.156750781864,342.156750781864,51,1,133.186,0.0
76,,,,432.0,343.156750781864,343.156750781864,52,1,133.171,0.0
77,,,,437.0,344.156750781864,344.156750781864,53,1,133.157,0.0
78,,,,440.0,346.156750781864,346.156750781864,54,1,133.127,0.0
79,,,,445.0,348.156750781864,348.156750781864,55,1,133.096,0.0
80,,,,452.0,351.156750781864,351.156750781864,56,1,133.049,0.0
81,,,,462.0,352.156750781864,352.156750781864,57,1,133.034,0.0
82,,,,466.0,353.156750781864,353.156750781864,58,1,133.019,0.0
83,,,,471.0,354.156750781864,354.156750781864,59,1,133.004,0.0
84,,,,475.0,355.156750781864,355.156750781864,60,1,132.989,0.0
85,,,,480.0,356.156750781864,356.156750781864,61,1,132.974,0.0
86,,,,485.0,357.156750781864,357.156750781864,62,1,132.958,0.0
87,,,,490.0,358.156750781864,358.156750781864,63,1,132.943,0.0
88,,,,496.0,359.156750781864,359.156750781864,64,1,132.928,0.0
89,,,,501.0,360.156750781864,360.156750781864,65,1,132.913,0.0
90,,,,507.0,361.156750781864,361.156750781864,66,1,132.897,0.0
91,,,,512.0,362.156750781864,362.156750781864,67,1,132.882,0.0
92,,,,516.0,363.156750781864,363.156750781864,68,1,132.867,0.0
93,,,,520.0,364.156750781864,364.156750781864,69,1,132.852,0.0
94,,,,525.0,365.156750781864,365.156750781864,70,1,132.837,0.0
95,,,,530.0,366.156750781864,366.156750781864,71,1,132.823,0.0
96,,,,534.0,367.156750781864,367.156750781864,72,1,132.809,0.0
97,,,,538.0,368.156750781864,368.156750781864,73,1,132.795,0.0
98,,,,543.0,369.156750781864,369.156750781864,74,1,132.782,0.0
99,,,,549.0,371.156750781864,371.156750781864,75,1,132.756,0.0
100,,,,552.0,372.156750781864,372.156750781864,76,1,132.743,0.0
101,,,,558.0,373.156750781864,373.156750781864,77,1,132.731,0.0
102,,,,562.0,374.156750781864,374.156750781864,78,1,132.718,0.0
103,,,,570.0,375.156750781864,375.156750781864,79,1,132.705,0.0
104,,,,579.0,376.156750781864,376.156750781864,80,1,132.692,0.0
105,,,,581.0,377.156750781864,377.156750781864,81,1,132.679,0.0
106,,,,582.0,379.156750781864,379.156750781864,82,1,132.652,0.0
107,,,,584.0,381.156750781864,381.156750781864,83,1,132.625,0.0
108,,,,592.0,384.156750781864,384.156750781864,84,1,132.589,0.0
109,,,,599.0,385.156750781864,385.156750781864,85,1,132.579,0.0
110,,,,605.0,387.156750781864,387.156750781864,86,1,132.559,0.0
111,,,,610.0,388.156750781864,388.156750781864,87,1,132.55,0.0
112,,,,618.0,390.156750781864,390.156750781864,88,1,132.537,0.0
113,,,,624.0,391.156750781864,391.156750781864,89,1,132.533,0.0
114,,,,628.0,392.156750781864,392.156750781864,90,1,132.53,0.0
115,,,,634.0,393.156750781864,393.156750781864,91,1,132.528,0.0
116,,,,639.0,394.156750781864,394.156750781864,92,1,132.527,0.0
376,,,,1422.0,972.156750781864,972.156750781864,352,1,132.521,0.0
377,,,,1419.0,973.156750781864,973.156750781864,353,1,132.505,0.0
378,,,,1416.0,975.156750781864,975.156750781864,354,1,132.471,0.0
379,,,,1411.0,978.156750781864,978.156750781864,355,1,132.424,0.0
380,,,,1407.0,980.156750781864,980.156750781864,356,1,132.394,0.0
381,,,,1403.0,982.156750781864,982.156750781864,357,1,132.365,0.0
382,,,,1399.0,984.156750781864,984.156750781864,358,1,132.335,0.0
383,,,,1398.0,985.156750781864,985.156750781864,359,1,132.32,0.0
384,,,,1395.0,987.156750781864,987.156750781864,360,1,132.288,0.0
385,,,,1391.0,989.156750781864,989.156750781864,361,1,132.255,0.0
386,,,,1387.0,991.156750781864,991.156750781864,362,1,132.221,0.0
387,,,,1384.0,992.156750781864,992.156750781864,363,1,132.204,0.0
388,,,,1380.0,993.156750781864,993.156750781864,364,1,132.187,0.0
389,,,,1375.0,995.156750781864,995.156750781864,365,1,132.152,0.0
390,,,,1372.0,996.156750781864,996.156750781864,366,1,132.135,0.0
391,,,,1366.0,998.156750781864,998.156750781864,367,1,132.099,0.0
392,,,,1362.0,999.156750781864,999.156750781864,368,1,132.081,0.0
393,,,,1355.0,1001.156750781864,1001.156750781864,369,1,132.045,0.0
394,,,,1348.0,1003.156750781864,1003.156750781864,370,1,132.007,0.0
395,,,,1342.0,1005.156750781864,1005.156750781864,371,1,131.971,0.0
396,,,,1338.0,1006.156750781864,1006.156750781864,372,1,131.953,0.0
397,,,,1334.0,1007.156750781864,1007.156750781864,373,1,131.934,0.0
398,,,,1330.0,1008.156750781864,1008.156750781864,374,1,131.916,0.0
399,,,,1325.0,1011.156750781864,1011.156750781864,375,1,131.863,0.0
400,,,,1322.0,1012.156750781864,1012.156750781864,376,1,131.845,0.0
401,,,,1317.0,1013.156750781864,1013.156750781864,377,1,131.828,0.0
402,,,,1313.0,1014.156750781864,1014.156750781864,378,1,131.811,0.0
403,,,,1310.0,1015.156750781864,1015.156750781864,379,1,131.793,0.0
404,,,,1303.0,1017.156750781864,1017.156750781864,380,1,131.757,0.0
405,,,,1298.0,1018.156750781864,1018.156750781864,381,1,131.739,0.0
406,,,,1294.0,1019.156750781864,1019.156750781864,382,1,131.722,0.0
407,,,,1289.0,1020.156750781864,1020.156750781864,383,1,131.705,0.0
408,,,,1284.0,1022.156750781864,1022.156750781864,384,1,131.672,0.0
409,,,,1279.0,1023.156750781864,1023.156750781864,385,1,131.656,0.0
410,,,,1275.0,1024.156750781864,1024.156750781864,386,1,131.64,0.0
411,,,,1265.0,1025.156750781864,1025.156750781864,387,1,131.623,0.0
412,,,,1259.0,1026.156750781864,1026.156750781864,388,1,131.604,0.0
413,,,,1255.0,1027.156750781864,1027.156750781864,389,1,131.586,0.0
414,,,,1250.0,1031.156750781864,1031.156750781864,390,1,131.522,0.0
415,,,,1246.0,1032.156750781864,1032.156750781864,391,1,131.508,0.0
416,,,,1242.0,1034.156750781864,1034.156750781864,392,1,131.477,0.0
417,,,,1236.0,1037.156750781864,1037.156750781864,393,1,131.429,0.0
418,,,,1230.0,1039.156750781864,1039.156750781864,394,1,131.396,0.0
419,,,,1226.0,1041.156750781864,1041.156750781864,395,1,131.362,0.0
420,,,,1225.0,1043.156750781864,1043.156750781864,396,1,131.33,0.0
421,,,,1219.0,1046.156750781864,1046.156750781864,397,1,131.285,0.0
422,,,,1215.0,1047.156750781864,1047.156750781864,398,1,131.268,0.0
423,,,,1212.0,1048.156750781864,1048.156750781864,399,1,131.25,0.0
424,,,,1208.0,1050.156750781864,1050.156750781864,400,1,131.215,0.0
425,,,,1203.0,1053.156750781864,1053.156750781864,401,1,131.164,0.0
426,,,,1198.0,1055.156750781864,1055.156750781864,402,1,131.131,0.0
427,,,,1195.0,1056.156750781864,1056.156750781864,403,1,131.114,0.0
428,,,,1191.0,1058.156750781864,1058.156750781864,404,1,131.078,0.0
429,,,,1188.0,1064.156750781864,1064.156750781864,405,1,130.989,0.0
430,,,,1185.0,1066.156750781864,1066.156750781864,406,1,130.96,0.0
431,,,,1184.0,1068.156750781864,1068.156750781864,407,1,130.931,0.0
432,,,,1179.0,1076.156750781864,1076.156750781864,408,1,130.832,0.0
433,,,,1179.0,1078.156750781864,1078.156750781864,409,1,130.804,0.0
434,,,,1174.0,1082.156750781864,1082.156750781864,410,1,130.749,0.0
435,,,,1173.0,1089.156750781864,1089.156750781864,411,1,130.638,0.0
436,,,,1167.0,1096.156750781864,1096.156750781864,412,1,130.537,0.0
437,,,,1164.0,1097.156750781864,1097.156750781864,413,1,130.521,0.0
438,,,,1157.0,1099.156750781864,1099.156750781864,414,1,130.487,0.0
439,,,,1158.0,1100.156750781864,1100.156750781864,415,1,130.47,0.0
440,,,,1155.0,1103.156750781864,1103.156750781864,416,1,130.425,0.0
441,,,,1155.0,1104.156750781864,1104.156750781864,417,1,130.41,0.0
442,,,,1151.0,1108.156750781864,1108.156750781864,418,1,130.351,0.0
443,,,,1147.0,1109.156750781864,1109.156750781864,419,1,130.335,0.0
444,,,,1149.0,1113.156750781864,1113.156750781864,420,1,130.277,0.0
445,,,,1147.0,1116.156750781864,1116.156750781864,421,1,130.237,0.0
446,,,,1141.0,1118.156750781864,1118.156750781864,422,1,130.207,0.0
447,,,,1139.0,1120.156750781864,1120.156750781864,423,1,130.175,0.0
448,,,,1142.0,1123.156750781864,1123.156750781864,424,1,130.131,0.0
449,,,,1138.0,1125.156750781864,1125.156750781864,425,1,130.102,0.0
450,,,,1133.0,1126.156750781864,1126.156750781864,426,1,130.086,0.0
451,,,,1130.0,1127.156750781864,1127.156750781864,427,1,130.068,0.0
452,,,,1125.0,1128.156750781864,1128.156750781864,428,1,130.05,0.0
453,,,,1122.0,1130.156750781864,1130.156750781864,429,1,130.013,0.0
454,,,,1117.0,1131.156750781864,1131.156750781864,430,1,129.993,0.0
455,,,,1115.0,1133.156750781864,1133.156750781864,431,1,129.954,0.0
456,,,,1110.0,1139.156750781864,1139.156750781864,432,1,129.857,0.0
457,,,,1106.0,1140.156750781864,1140.156750781864,433,1,129.841,0.0
458,,,,1100.0,1142.156750781864,1142.156750781864,434,1,129.805,0.0
459,,,,1097.0,1143.156750781864,1143.156750781864,435,1,129.786,0.0
460,,,,1096.0,1144.156750781864,1144.156750781864,436,1,129.767,0.0
461,,,,1094.0,1151.156750781864,1151.156750781864,437,1,129.652,0.0
462,,,,1087.0,1153.156750781864,1153.156750781864,438,1,129.62,0.0
463,,,,1083.0,1154.156750781864,1154.156750781864,439,1,129.602,0.0
464,,,,1078.0,1157.156750781864,1157.156750781864,440,1,129.547,0.0
465,,,,1073.0,1164.156750781864,1164.156750781864,441,1,129.448,0.0
466,,,,1069.0,1166.156750781864,1166.156750781864,442,1,129.42,0.0
467,,,,1066.0,1169.156750781864,1169.156750781864,443,1,129.377,0.0
468,,,,1061.0,1171.156750781864,1171.156750781864,444,1,129.346,0.0
469,,,,1063.0,1172.156750781864,1172.156750781864,445,1,129.331,0.0
470,,,,1066.0,1175.156750781864,1175.156750781864,446,1,129.29,0.0
471,,,,1062.0,1178.156750781864,1178.156750781864,447,1,129.253,0.0
472,,,,1057.0,1180.156750781864,1180.156750781864,448,1,129.228,0.0
473,,,,1052.0,1184.156750781864,1184.156750781864,449,1,129.173,0.0
474,,,,1047.0,1187.156750781864,1187.156750781864,450,1,129.132,0.0
475,,,,1041.0,1189.156750781864,1189.156750781864,451,1,129.103,0.0
476,,,,1035.0,1191.156750781864,1191.156750781864,452,1,129.074,0.0
477,,,,1036.0,1192.156750781864,1192.156750781864,453,1,129.059,0.0
478,,,,1036.0,1194.156750781864,1194.156750781864,454,1,129.033,0.0
479,,,,1033.0,1195.156750781864,1195.156750781864,455,1,129.019,0.0
480,,,,1028.0,1197.156750781864,1197.156750781864,456,1,128.991,0.0
481,,,,1024.0,1199.156750781864,1199.156750781864,457,1,128.96,0.0
482,,,,1023.0,1201.156750781864,1201.156750781864,458,1,128.929,0.0
483,,,,1018.0,1205.156750781864,1205.156750781864,459,1,128.87,0.0
484,,,,1013.0,1207.156750781864,1207.156750781864,460,1,128.839,0.0
485,,,,1008.0,1209.156750781864,1209.156750781864,461,1,128.807,0.0
486,,,,1004.0,1210.156750781864,1210.156750781864,462,1,128.791,0.0
487,,,,1001.0,1212.156750781864,1212.156750781864,463,1,128.76,0.0
488,,,,998.0,1214.156750781864,1214.156750781864,464,1,128.731,0.0
489,,,,993.0,1216.156750781864,1216.156750781864,465,1,128.703,0.0
490,,,,987.0,1217.156750781864,1217.156750781864,466,1,128.687,0.0
491,,,,981.0,1218.156750781864,1218.156750781864,467,1,128.669,0.0
492,,,,977.0,1219.156750781864,1219.156750781864,468,1,128.652,0.0
493,,,,974.0,1221.156750781864,1221.156750781864,469,1,128.618,0.0
494,,,,971.0,1223.156750781864,1223.156750781864,470,1,128.588,0.0
495,,,,967.0,1226.156750781864,1226.156750781864,471,1,128.548,0.0
496,,,,961.0,1228.156750781864,1228.156750781864,472,1,128.52,0.0
497,,,,958.0,1229.156750781864,1229.156750781864,473,1,128.505,0.0
498,,,,955.0,1230.156750781864,1230.156750781864,474,1,128.49,0.0
499,,,,950.0,1232.156750781864,1232.156750781864,475,1,128.46,0.0
500,,,,944.0,1234.156750781864,1234.156750781864,476,1,128.429,0.0
501,,,,940.0,1235.156750781864,1235.156750781864,477,1,128.412,0.0
502,,,,937.0,1236.156750781864,1236.156750781864,478,1,128.396,0.0
503,,,,934.0,1238.156750781864,1238.156750781864,479,1,128.366,0.0
504,,,,934.0,1239.156750781864,1239.156750781864,480,1,128.353,0.0
505,,,,928.0,1242.156750781864,1242.156750781864,481,1,128.315,0.0
506,,,,924.0,1245.156750781864,1245.156750781864,482,1,128.275,0.0
507,,,,924.0,1246.156750781864,1246.156750781864,483,1,128.261,0.0
508,,,,920.0,1255.156750781864,1255.156750781864,484,1,128.145,0.0
509,,,,915.0,1262.156750781864,1262.156750781864,485,1,128.048,0.0
510,,,,912.0,1264.156750781864,1264.156750781864,486,1,128.018,0.0
511,,,,913.0,1271.156750781864,1271.156750781864,487,1,127.924,0.0
512,,,,915.0,1274.156750781864,1274.156750781864,488,1,127.884,0.0
513,,,,916.0,1276.156750781864,1276.156750781864,489,1,127.857,0.0
514,,,,918.0,1279.156750781864,1279.156750781864,490,1,127.818,0.0
515,,,,919.0,1283.156750781864,1283.156750781864,491,1,127.769,0.0
516,,,,921.0,1286.156750781864,1286.156750781864,492,1,127.742,0.0
523,,,,939.0,1306.156750781864,1306.156750781864,499,1,127.727,0.0
536,,,,967.0,1339.156750781864,1339.156750781864,512,1,127.725,0.0
537,,,,970.0,1343.156750781864,1343.156750781864,513,1,127.716,0.0
619,,,,1111.0,1560.156750781864,1560.156750781864,595,1,127.711,0.0
620,,,,1112.0,1561.156750781864,1561.156750781864,596,1,127.705,0.0
621,,,,1113.0,1563.156750781864,1563.156750781864,597,1,127.688,0.0
622,,,,1115.0,1567.156750781864,1567.156750781864,598,1,127.675,0.0
630,,,,1126.0,1589.156750781864,1589.156750781864,606,1,127.657,0.0
637,,,,1148.0,1609.156750781864,1609.156750781864,613,1,127.627,0.0
644,,,,1175.0,1628.156750781864,1628.156750781864,620,1,127.617,0.0
663,,,,1231.0,1675.156750781864,1675.156750781864,639,1,127.615,0.0
664,,,,1229.0,1676.156750781864,1676.156750781864,640,1,127.603,0.0
665,,,,1227.0,1678.156750781864,1678.156750781864,641,1,127.6,0.0
671,,,,1237.0,1694.156750781864,1694.156750781864,647,1,127.569,0.0
695,,,,1262.0,1752.156750781864,1752.156750781864,671,1,127.563,0.0
696,,,,1261.0,1753.156750781864,1753.156750781864,672,1,127.559,0.0
697,,,,1255.0,1758.156750781864,1758.156750781864,673,1,127.544,0.0
698,,,,1249.0,1759.156750781864,1759.156750781864,674,1,127.542,0.0
699,,,,1246.0,1760.156750781864,1760.156750781864,675,1,127.54,0.0
700,,,,1241.0,1763.156750781864,1763.156750781864,676,1,127.525,0.0
701,,,,1234.0,1766.156750781864,1766.156750781864,677,1,127.505,0.0
702,,,,1226.0,1768.156750781864,1768.156750781864,678,1,127.489,0.0
703,,,,1222.0,1769.156750781864,1769.156750781864,679,1,127.479,0.0
704,,,,1217.0,1770.156750781864,1770.156750781864,680,1,127.469,0.0
705,,,,1214.0,1771.156750781864,1771.156750781864,681,1,127.459,0.0
706,,,,1210.0,1775.156750781864,1775.156750781864,682,1,127.426,0.0
707,,,,1206.0,1777.156750781864,1777.156750781864,683,1,127.414,0.0
708,,,,1198.0,1780.156750781864,1780.156750781864,684,1,127.39,0.0
709,,,,1194.0,1781.156750781864,1781.156750781864,685,1,127.38,0.0
710,,,,1189.0,1783.156750781864,1783.156750781864,686,1,127.356,0.0
711,,,,1187.0,1785.156750781864,1785.156750781864,687,1,127.332,0.0
712,,,,1184.0,1789.156750781864,1789.156750781864,688,1,127.291,0.0
713,,,,1180.0,1792.156750781864,1792.156750781864,689,1,127.263,0.0
714,,,,1176.0,1794.156750781864,1794.156750781864,690,1,127.241,0.0
715,,,,1168.0,1796.156750781864,1796.156750781864,691,1,127.219,0.0
716,,,,1163.0,1799.156750781864,1799.156750781864,692,1,127.188,0.0
717,,,,1159.0,1802.156750781864,1802.156750781864,693,1,127.159,0.0
718,,,,1152.0,1804.156750781864,1804.156750781864,694,1,127.141,0.0
719,,,,1148.0,1805.156750781864,1805.156750781864,695,1,127.132,0.0
720,,,,1143.0,1806.156750781864,1806.156750781864,696,1,127.122,0.0
721,,,,1139.0,1807.156750781864,1807.156750781864,697,1,127.112,0.0
722,,,,1140.0,1811.156750781864,1811.156750781864,698,1,127.08,0.0
723,,,,1141.0,1814.156750781864,1814.156750781864,699,1,127.059,0.0
724,,,,1143.0,1816.156750781864,1816.156750781864,700,1,127.048,0.0
725,,,,1145.0,1821.156750781864,1821.156750781864,701,1,127.02,0.0
726,,,,1146.0,1828.156750781864,1828.156750781864,702,1,126.972,0.0
727,,,,1147.0,1830.156750781864,1830.156750781864,703,1,126.96,0.0
728,,,,1143.0,1832.156750781864,1832.156750781864,704,1,126.95,0.0
729,,,,1140.0,1835.156750781864,1835.156750781864,705,1,126.935,0.0
730,,,,1136.0,1837.156750781864,1837.156750781864,706,1,126.921,0.0
731,,,,1132.0,1839.156750781864,1839.156750781864,707,1,126.904,0.0
732,,,,1132.0,1840.156750781864,1840.156750781864,708,1,126.895,0.0
733,,,,1129.0,1843.156750781864,1843.156750781864,709,1,126.87,0.0
734,,,,1123.0,1844.156750781864,1844.156750781864,710,1,126.861,0.0
735,,,,1120.0,1845.156750781864,1845.156750781864,711,1,126.851,0.0
736,,,,1115.0,1847.156750781864,1847.156750781864,712,1,126.831,0.0
737,,,,1108.0,1849.156750781864,1849.156750781864,713,1,126.812,0.0
738,,,,1103.0,1851.156750781864,1851.156750781864,714,1,126.796,0.0
739,,,,1096.0,1853.156750781864,1853.156750781864,715,1,126.779,0.0
740,,,,1093.0,1855.156750781864,1855.156750781864,716,1,126.759,0.0
741,,,,1089.0,1858.156750781864,1858.156750781864,717,1,126.731,0.0
742,,,,1084.0,1860.156750781864,1860.156750781864,718,1,126.711,0.0
743,,,,1078.0,1862.156750781864,1862.156750781864,719,1,126.69,0.0
744,,,,1074.0,1863.156750781864,1863.156750781864,720,1,126.679,0.0
745,,,,1069.0,1865.156750781864,1865.156750781864,721,1,126.655,0.0
746,,,,1066.0,1866.156750781864,1866.156750781864,722,1,126.642,0.0
747,,,,1065.0,1868.156750781864,1868.156750781864,723,1,126.615,0.0
748,,,,1061.0,1870.156750781864,1870.156750781864,724,1,126.589,0.0
749,,,,1058.0,1874.156750781864,1874.156750781864,725,1,126.537,0.0
750,,,,1054.0,1876.156750781864,1876.156750781864,726,1,126.512,0.0
751,,,,1049.0,1877.156750781864,1877.156750781864,727,1,126.499,0.0
752,,,,1046.0,1878.156750781864,1878.156750781864,728,1,126.485,0.0
753,,,,1042.0,1880.156750781864,1880.156750781864,729,1,126.458,0.0
754,,,,1036.0,1882.156750781864,1882.156750781864,730,1,126.433,0.0
755,,,,1036.0,1884.156750781864,1884.156750781864,731,1,126.408,0.0
756,,,,1031.0,1887.156750781864,1887.156750781864,732,1,126.376,0.0
757,,,,1029.0,1889.156750781864,1889.156750781864,733,1,126.355,0.0
758,,,,1025.0,1891.156750781864,1891.156750781864,734,1,126.332,0.0
759,,,,1014.0,1892.156750781864,1892.156750781864,735,1,126.319,0.0
760,,,,1011.0,1897.156750781864,1897.156750781864,736,1,126.245,0.0
761,,,,1006.0,1899.156750781864,1899.156750781864,737,1,126.216,0.0
762,,,,1000.0,1901.156750781864,1901.156750781864,738,1,126.186,0.0
763,,,,996.0,1903.156750781864,1903.156750781864,739,1,126.156,0.0
764,,,,990.0,1904.156750781864,1904.156750781864,740,1,126.14,0.0
765,,,,986.0,1905.156750781864,1905.156750781864,741,1,126.125,0.0
766,,,,982.0,1908.156750781864,1908.156750781864,742,1,126.082,0.0
767,,,,982.0,1909.156750781864,1909.156750781864,743,1,126.069,0.0
768,,,,978.0,1911.156750781864,1911.156750781864,744,1,126.042,0.0
769,,,,978.0,1912.156750781864,1912.156750781864,745,1,126.03,0.0
770,,,,974.0,1914.156750781864,1914.156750781864,746,1,126.006,0.0
771,,,,971.0,1915.156750781864,1915.156750781864,747,1,125.993,0.0
772,,,,960.0,1916.156750781864,1916.156750781864,748,1,125.98,0.0
773,,,,959.0,1918.156750781864,1918.156750781864,749,1,125.95,0.0
774,,,,963.0,1920.156750781864,1920.156750781864,750,1,125.925,0.0
775,,,,967.0,1921.156750781864,1921.156750781864,751,1,125.914,0.0
776,,,,968.0,1923.156750781864,1923.156750781864,752,1,125.895,0.0
788,,,,947.0,1956.156750781864,1956.156750781864,764,1,125.846,0.0
789,,,,944.0,1957.156750781864,1957.156750781864,765,1,125.838,0.0
790,,,,944.0,1960.156750781864,1960.156750781864,766,1,125.816,0.0
791,,,,939.0,1963.156750781864,1963.156750781864,767,1,125.803,0.0
792,,,,938.0,1967.156750781864,1967.156750781864,768,1,125.792,0.0
813,,,,996.0,2019.156750781864,2019.156750781864,789,1,125.786,0.0
814,,,,999.0,2020.156750781864,2020.156750781864,790,1,125.781,0.0
815,,,,1003.0,2022.156750781864,2022.156750781864,791,1,125.776,0.0
822,,,,1020.0,2041.156750781864,2041.156750781864,798,1,125.753,0.0
823,,,,1022.0,2044.156750781864,2044.156750781864,799,1,125.751,0.0
825,,,,1025.0,2048.156750781864,2048.156750781864,801,1,125.75,0.0
827,,,,1028.0,2052.156750781864,2052.156750781864,803,1,125.743,0.0
828,,,,1026.0,2054.156750781864,2054.156750781864,804,1,125.728,0.0
829,,,,1030.0,2056.156750781864,2056.156750781864,805,1,125.715,0.0
830,,,,1034.0,2057.156750781864,2057.156750781864,806,1,125.713,0.0
831,,,,1036.0,2058.156750781864,2058.156750781864,807,1,125.712,0.0
833,,,,1045.0,2061.156750781864,2061.156750781864,809,1,125.711,0.0
865,,,,1187.0,2119.156750781864,2119.156750781864,841,1,125.697,0.0
866,,,,1191.0,2120.156750781864,2120.156750781864,842,1,125.696,0.0
873,,,,1224.0,2134.156750781864,2134.156750781864,849,1,125.688,0.0
882,,,,1263.0,2152.156750781864,2152.156750781864,858,1,125.663,0.0
883,,,,1267.0,2154.156750781864,2154.156750781864,859,1,125.654,0.0
891,,,,1299.0,2173.156750781864,2173.156750781864,867,1,125.625,0.0
892,,,,1304.0,2175.156750781864,2175.156750781864,868,1,125.605,0.0
893,,,,1310.0,2177.156750781864,2177.156750781864,869,1,125.595,0.0
899,,,,1332.0,2190.156750781864,2190.156750781864,875,1,125.591,0.0
900,,,,1335.0,2193.156750781864,2193.156750781864,876,1,125.54,0.0
901,,,,1336.0,2195.156750781864,2195.156750781864,877,1,125.524,0.0
913,,,,1376.0,2231.156750781864,2231.156750781864,889,1,125.511,0.0
914,,,,1374.0,2233.156750781864,2233.156750781864,890,1,125.493,0.0
915,,,,1370.0,2236.156750781864,2236.156750781864,891,1,125.467,0.0
916,,,,1370.0,2237.156750781864,2237.156750781864,892,1,125.457,0.0
917,,,,1373.0,2239.156750781864,2239.156750781864,893,1,125.44,0.0
918,,,,1376.0,2241.156750781864,2241.156750781864,894,1,125.426,0.0
919,,,,1381.0,2245.156750781864,2245.156750781864,895,1,125.407,0.0
920,,,,1375.0,2249.156750781864,2249.156750781864,896,1,125.4,0.0
921,,,,1372.0,2250.156750781864,2250.156750781864,897,1,125.399,0.0
922,,,,1368.0,2253.156750781864,2253.156750781864,898,1,125.385,0.0
923,,,,1364.0,2258.156750781864,2258.156750781864,899,1,125.358,0.0
924,,,,1359.0,2260.156750781864,2260.156750781864,900,1,125.345,0.0
925,,,,1354.0,2262.156750781864,2262.156750781864,901,1,125.331,0.0
926,,,,1351.0,2264.156750781864,2264.156750781864,902,1,125.315,0.0
927,,,,1345.0,2267.156750781864,2267.156750781864,903,1,125.281,0.0
928,,,,1344.0,2268.156750781864,2268.156750781864,904,1,125.267,0.0
929,,,,1337.0,2271.156750781864,2271.156750781864,905,1,125.224,0.0
930,,,,1333.0,2273.156750781864,2273.156750781864,906,1,125.196,0.0
931,,,,1330.0,2274.156750781864,2274.156750781864,907,1,125.182,0.0
932,,,,1325.0,2276.156750781864,2276.156750781864,908,1,125.153,0.0
933,,,,1322.0,2282.156750781864,2282.156750781864,909,1,125.077,0.0
934,,,,1319.0,2284.156750781864,2284.156750781864,910,1,125.053,0.0
935,,,,1314.0,2287.156750781864,2287.156750781864,911,1,125.017,0.0
936,,,,1316.0,2295.156750781864,2295.156750781864,912,1,124.926,0.0
937,,,,1312.0,2297.156750781864,2297.156750781864,913,1,124.902,0.0
938,,,,1309.0,2299.156750781864,2299.156750781864,914,1,124.876,0.0
939,,,,1305.0,2303.156750781864,2303.156750781864,915,1,124.832,0.0
940,,,,1302.0,2305.156750781864,2305.156750781864,916,1,124.811,0.0
941,,,,1298.0,2307.156750781864,2307.156750781864,917,1,124.79,0.0
942,,,,1294.0,2310.156750781864,2310.156750781864,918,1,124.761,0.0
943,,,,1292.0,2313.156750781864,2313.156750781864,919,1,124.734,0.0
944,,,,1287.0,2316.156750781864,2316.156750781864,920,1,124.712,0.0
945,,,,1283.0,2317.156750781864,2317.156750781864,921,1,124.705,0.0
946,,,,1278.0,2318.156750781864,2318.156750781864,922,1,124.698,0.0
947,,,,1274.0,2320.156750781864,2320.156750781864,923,1,124.684,0.0
948,,,,1274.0,2321.156750781864,2321.156750781864,924,1,124.677,0.0
949,,,,1267.0,2325.156750781864,2325.156750781864,925,1,124.65,0.0
950,,,,1262.0,2327.156750781864,2327.156750781864,926,1,124.638,0.0
951,,,,1259.0,2329.156750781864,2329.156750781864,927,1,124.626,0.0
952,,,,1255.0,2331.156750781864,2331.156750781864,928,1,124.613,0.0
953,,,,1255.0,2332.156750781864,2332.156750781864,929,1,124.607,0.0
954,,,,1259.0,2335.156750781864,2335.156750781864,930,1,124.59,0.0
955,,,,1258.0,2336.156750781864,2336.156750781864,931,1,124.585,0.0
956,,,,1254.0,2341.156750781864,2341.156750781864,932,1,124.555,0.0
957,,,,1253.0,2343.156750781864,2343.156750781864,933,1,124.541,0.0
958,,,,1256.0,2345.156750781864,2345.156750781864,934,1,124.53,0.0
959,,,,1256.0,2346.156750781864,2346.156750781864,935,1,124.525,0.0
960,,,,1252.0,2348.156750781864,2348.156750781864,936,1,124.514,0.0
961,,,,1247.0,2349.156750781864,2349.156750781864,937,1,124.508,0.0
962,,,,1243.0,2350.156750781864,2350.156750781864,938,1,124.501,0.0
963,,,,1240.0,2352.156750781864,2352.156750781864,939,1,124.487,0.0
964,,,,1237.0,2353.156750781864,2353.156750781864,940,1,124.479,0.0
965,,,,1232.0,2354.156750781864,2354.156750781864,941,1,124.47,0.0
966,,,,1226.0,2355.156750781864,2355.156750781864,942,1,124.46,0.0
967,,,,1223.0,2357.156750781864,2357.156750781864,943,1,124.441,0.0
968,,,,1223.0,2364.156750781864,2364.156750781864,944,1,124.395,0.0
969,,,,1219.0,2366.156750781864,2366.156750781864,945,1,124.381,0.0
970,,,,1215.0,2367.156750781864,2367.156750781864,946,1,124.373,0.0
971,,,,1216.0,2369.156750781864,2369.156750781864,947,1,124.356,0.0
972,,,,1222.0,2373.156750781864,2373.156750781864,948,1,124.351,0.0
980,,,,1230.0,2395.156750781864,2395.156750781864,956,1,124.335,0.0
981,,,,1227.0,2398.156750781864,2398.156750781864,957,1,124.317,0.0
982,,,,1228.0,2399.156750781864,2399.156750781864,958,1,124.31,0.0
983,,,,1231.0,2403.156750781864,2403.156750781864,959,1,124.295,0.0
984,,,,1224.0,2406.156750781864,2406.156750781864,960,1,124.287,0.0
985,,,,1224.0,2408.156750781864,2408.156750781864,961,1,124.276,0.0
986,,,,1223.0,2410.156750781864,2410.156750781864,962,1,124.263,0.0
987,,,,1226.0,2414.156750781864,2414.156750781864,963,1,124.233,0.0
988,,,,1225.0,2423.156750781864,2423.156750781864,964,1,124.163,0.0
989,,,,1220.0,2426.156750781864,2426.156750781864,965,1,124.137,0.0
990,,,,1215.0,2427.156750781864,2427.156750781864,966,1,124.128,0.0
991,,,,1211.0,2428.156750781864,2428.156750781864,967,1,124.117,0.0
992,,,,1206.0,2431.156750781864,2431.156750781864,968,1,124.083,0.0
993,,,,1202.0,2432.156750781864,2432.156750781864,969,1,124.071,0.0
994,,,,1206.0,2435.156750781864,2435.156750781864,970,1,124.036,0.0
995,,,,1198.0,2441.156750781864,2441.156750781864,971,1,123.987,0.0
996,,,,1195.0,2442.156750781864,2442.156750781864,972,1,123.979,0.0
997,,,,1192.0,2443.156750781864,2443.156750781864,973,1,123.969,0.0
998,,,,1188.0,2444.156750781864,2444.156750781864,974,1,123.958,0.0
999,,,,1187.0,2446.156750781864,2446.156750781864,975,1,123.936,0.0
1000,,,,1184.0,2449.156750781864,2449.156750781864,976,1,123.904,0.0
1001,,,,1180.0,2451.156750781864,2451.156750781864,977,1,123.88,0.0
1002,,,,1180.0,2452.156750781864,2452.156750781864,978,1,123.868,0.0
1003,,,,1175.0,2457.156750781864,2457.156750781864,979,1,123.81,0.0
1004,,,,1172.0,2458.156750781864,2458.156750781864,980,1,123.798,0.0
1005,,,,1169.0,2460.156750781864,2460.156750781864,981,1,123.773,0.0
1006,,,,1169.0,2461.156750781864,2461.156750781864,982,1,123.761,0.0
1007,,,,1162.0,2469.156750781864,2469.156750781864,1,2,123.674,53153.15465477815
1008,,,,1158.0,2475.156750781864,2475.156750781864,2,2,123.604,42843.62677139317
1009,,,,1154.0,2477.156750781864,2477.156750781864,3,2,123.582,13471.006309176259
1010,,,,1151.0,2478.156750781864,2478.156750781864,4,2,123.57,7349.776767231149
1011,,,,1146.0,2480.156750781864,2480.156750781864,5,2,123.545,15322.098386731283
1012,,,,1141.0,2482.156750781864,2482.156750781864,6,2,123.516,17784.079741140395
1013,,,,1137.0,2484.156750781864,2484.156750781864,7,2,123.487,17794.230927494296
1014,,,,1133.0,2486.156750781864,2486.156750781864,8,2,123.46,16576.62168065451
1015,,,,1126.0,2493.156750781864,2493.156750781864,9,2,123.373,53539.22234311265
1016,,,,1125.0,2495.156750781864,2495.156750781864,10,2,123.347,16005.731912381878
1017,,,,1122.0,2497.156750781864,2497.156750781864,11,2,123.321,16015.185196446071
1018,,,,1122.0,2498.156750781864,2498.156750781864,12,2,123.309,7393.444793344253
1019,,,,1125.0,2500.156750781864,2500.156750781864,13,2,123.286,14180.101541055854
1020,,,,1122.0,2508.156750781864,2508.156750781864,14,2,123.199,53785.40245433473
1021,,,,1121.0,2510.156750781864,2510.156750781864,15,2,123.172,16697.605378866356
1022,,,,1123.0,2514.156750781864,2514.156750781864,16,2,123.12,32199.26811210083
1023,,,,1128.0,2517.156750781864,2517.156750781864,17,2,123.098,13634.92461901165
1040,,,,1144.0,2568.156750781864,2568.156750781864,34,2,123.08,11380.02646669203
1041,,,,1146.0,2572.156750781864,2572.156750781864,35,2,123.047,20891.54841179049
1042,,,,1144.0,2574.156750781864,2574.156750781864,36,2,123.04,4434.265586301763
1043,,,,1142.0,2576.156750781864,2576.156750781864,37,2,123.036,2535.721394424691
1044,,,,1142.0,2578.156750781864,2578.156750781864,38,2,123.029,4440.7589861711485
1045,,,,1142.0,2580.156750781864,2580.156750781864,39,2,123.018,6983.238108653136
1046,,,,1138.0,2582.156750781864,2582.156750781864,40,2,123.005,8258.509353872207
1047,,,,1135.0,2584.156750781864,2584.156750781864,41,2,122.989,10170.992892023705
1048,,,,1131.0,2587.156750781864,2587.156750781864,42,2,122.962,17180.472330312507
1049,,,,1131.0,2588.156750781864,2588.156750781864,43,2,122.954,5091.753244208406
1050,,,,1128.0,2590.156750781864,2590.156750781864,44,2,122.94,8916.6560570719
1051,,,,1121.0,2593.156750781864,2593.156750781864,45,2,122.924,10201.022261982062
1052,,,,1117.0,2596.156750781864,2596.156750781864,46,2,122.906,11487.837852805138
1053,,,,1114.0,2605.156750781864,2605.156750781864,47,2,122.862,28171.623230358047
1054,,,,1111.0,2607.156750781864,2607.156750781864,48,2,122.851,7046.735373750738
1055,,,,1110.0,2608.156750781864,2608.156750781864,49,2,122.844,4485.677510186656
1056,,,,1109.0,2610.156750781864,2610.156750781864,50,2,122.828,10259.878868443628
1057,,,,1105.0,2612.156750781864,2612.156750781864,51,2,122.809,12191.204608047792
1058,,,,1100.0,2613.156750781864,2613.156750781864,52,2,122.799,6418.122032454484
1059,,,,1098.0,2615.156750781864,2615.156750781864,53,2,122.778,13486.669337122426
1060,,,,1100.0,2618.156750781864,2618.156750781864,54,2,122.746,20570.250178533795
1061,,,,1095.0,2621.156750781864,2621.156750781864,55,2,122.718,18015.189378864332
1062,,,,1091.0,2623.156750781864,2623.156750781864,56,2,122.702,10300.402076433602
1063,,,,1091.0,2624.156750781864,2624.156750781864,57,2,122.694,5151.660560116075
1064,,,,1088.0,2627.156750781864,2627.156750781864,58,2,122.671,14826.083271576126
1065,,,,1083.0,2630.156750781864,2630.156750781864,59,2,122.644,17420.85638958809
1066,,,,1080.0,2631.156750781864,2631.156750781864,60,2,122.633,7098.984577983139
1067,,,,1076.0,2633.156750781864,2633.156750781864,61,2,122.612,13561.139074255976
1068,,,,1073.0,2634.156750781864,2634.156750781864,62,2,122.601,7105.2242726214145
1069,,,,1068.0,2636.156750781864,2636.156750781864,63,2,122.581,12926.763689401409
1070,,,,1063.0,2638.156750781864,2638.156750781864,64,2,122.565,10347.73719723819
1071,,,,1059.0,2639.156750781864,2639.156750781864,65,2,122.557,5175.3230485183485
1072,,,,1053.0,2641.156750781864,2641.156750781864,66,2,122.54,11004.773134485855
1073,,,,1048.0,2643.156750781864,2643.156750781864,67,2,122.523,11011.578687893105
1074,,,,1044.0,2645.156750781864,2645.156750781864,68,2,122.506,11018.381929281946
1075,,,,1038.0,2647.156750781864,2647.156750781864,69,2,122.49,10376.685045036322
1076,,,,1032.0,2649.156750781864,2649.156750781864,70,2,122.472,11680.969247730927
1077,,,,1027.0,2651.156750781864,2651.156750781864,71,2,122.453,12337.356776514029
1078,,,,1022.0,2652.156750781864,2652.156750781864,72,2,122.443,6495.025796398077
1079,,,,1019.0,2653.156750781864,2653.156750781864,73,2,122.434,5847.273590951117
1080,,,,1015.0,2655.156750781864,2655.156750781864,74,2,122.417,11052.002354954073
1081,,,,1011.0,2656.156750781864,2656.156750781864,75,2,122.408,5852.642188591751
1082,,,,1008.0,2657.156750781864,2657.156750781864,76,2,122.398,6504.879155322378
1083,,,,1004.0,2658.156750781864,2658.156750781864,77,2,122.387,7157.445902638713
1084,,,,999.0,2660.156750781864,2660.156750781864,78,2,122.364,14974.74857294156
1085,,,,996.0,2662.156750781864,2662.156750781864,79,2,122.341,14983.190557108488
1086,,,,992.0,2665.156750781864,2665.156750781864,80,2,122.309,20864.97917051876
1087,,,,988.0,2666.156750781864,2666.156750781864,81,2,122.298,7173.766647720676
1088,,,,984.0,2667.156750781864,2667.156750781864,82,2,122.286,7828.126400799074
1089,,,,983.0,2669.156750781864,2669.156750781864,83,2,122.26,16971.021776191796
1090,,,,985.0,2672.156750781864,2672.156750781864,84,2,122.225,22865.578512528697
1091,,,,979.0,2675.156750781864,2675.156750781864,85,2,122.191,22230.93782156405
1092,,,,975.0,2676.156750781864,2676.156750781864,86,2,122.179,7847.669102263067
1093,,,,971.0,2677.156750781864,2677.156750781864,87,2,122.166,8503.94826151075
1094,,,,971.0,2681.156750781864,2681.156750781864,88,2,122.117,32093.08971300607
1095,,,,966.0,2686.156750781864,2686.156750781864,89,2,122.089,18367.31667348401
1096,,,,962.0,2687.156750781864,2687.156750781864,90,2,122.086,1968.4094988665595
1097,,,,962.0,2689.156750781864,2689.156750781864,91,2,122.078,5252.762151180314
1098,,,,958.0,2691.156750781864,2691.156750781864,92,2,122.063,9855.325504389899
1099,,,,952.0,2693.156750781864,2693.156750781864,93,2,122.043,13148.31443612454
1100,,,,951.0,2695.156750781864,2695.156750781864,94,2,122.014,19075.384262648466
1101,,,,951.0,2698.156750781864,2698.156750781864,95,2,121.972,27649.12386584413
1102,,,,948.0,2700.156750781864,2700.156750781864,96,2,121.942,19758.181011306977
1103,,,,943.0,2701.156750781864,2701.156750781864,97,2,121.925,11198.290886826959
1104,,,,940.0,2702.156750781864,2702.156750781864,98,2,121.908,11200.874779225005
1105,,,,935.0,2704.156750781864,2704.156750781864,99,2,121.872,23731.8959774026
1106,,,,937.0,2705.156750781864,2705.156750781864,100,2,121.855,11208.435569760095
1107,,,,934.0,2706.156750781864,2706.156750781864,101,2,121.838,11211.014770167514
1108,,,,930.0,2707.156750781864,2707.156750781864,102,2,121.821,11213.59281455619
1109,,,,930.0,2708.156750781864,2708.156750781864,103,2,121.806,9896.701570841373
1110,,,,927.0,2710.156750781864,2710.156750781864,104,2,121.777,19144.295242942862
1111,,,,924.0,2711.156750781864,2711.156750781864,105,2,121.762,9904.086058930341
1112,,,,919.0,2713.156750781864,2713.156750781864,106,2,121.73,21140.222833961758
1113,,,,915.0,2716.156750781864,2716.156750781864,107,2,121.682,31734.96705702433
1114,,,,910.0,2719.156750781864,2719.156750781864,108,2,121.635,31096.001967107615
1115,,,,905.0,2721.156750781864,2721.156750781864,109,2,121.603,21180.4392239008
1116,,,,903.0,2724.156750781864,2724.156750781864,110,2,121.556,31132.9518740763
1117,,,,900.0,2728.156750781864,2728.156750781864,111,2,121.501,36470.36774560841
1118,,,,894.0,2730.156750781864,2730.156750781864,112,2,121.47,20563.81639272475
1119,,,,890.0,2732.156750781864,2732.156750781864,113,2,121.435,23227.90874420114
1120,,,,889.0,2734.156750781864,2734.156750781864,114,2,121.401,22574.3574169214
1121,,,,891.0,2736.156750781864,2736.156750781864,115,2,121.371,19927.867401025196
1122,,,,886.0,2743.156750781864,2743.156750781864,116,2,121.261,73213.53696312719
1123,,,,882.0,2744.156750781864,2744.156750781864,117,2,121.244,11313.019458419327
1124,,,,878.0,2745.156750781864,2745.156750781864,118,2,121.226,11981.126832517868
1125,,,,875.0,2746.156750781864,2746.156750781864,119,2,121.207,12649.421371687326
1126,,,,871.0,2749.156750781864,2749.156750781864,120,2,121.151,37311.68738113375
1127,,,,867.0,2751.156750781864,2751.156750781864,121,2,121.116,23328.007238956172
1128,,,,863.0,2755.156750781864,2755.156750781864,122,2,121.049,44702.56981505241
1129,,,,863.0,2756.156750781864,2756.156750781864,123,2,121.032,11342.624100569166
1130,,,,859.0,2757.156750781864,2757.156750781864,124,2,121.016,10677.82843540606
1131,,,,855.0,2758.156750781864,2758.156750781864,125,2,120.999,11347.760202694792
1132,,,,849.0,2760.156750781864,2760.156750781864,126,2,120.962,24710.46064030404
1133,,,,844.0,2761.156750781864,2761.156750781864,127,2,120.942,13358.697252829556
1134,,,,839.0,2763.156750781864,2763.156750781864,128,2,120.905,24725.66331612924
1135,,,,838.0,2765.156750781864,2765.156750781864,129,2,120.872,22062.193023215797
1136,,,,835.0,2767.156750781864,2767.156750781864,130,2,120.842,20065.815805755385
1137,,,,831.0,2768.156750781864,2768.156750781864,131,2,120.826,10703.598490370798
1138,,,,827.0,2769.156750781864,2769.156750781864,132,2,120.809,11375.128255075248
1139,,,,824.0,2771.156750781864,2771.156750781864,133,2,120.776,22092.506820042847
1140,,,,823.0,2773.156750781864,2773.156750781864,134,2,120.745,20763.043339767624
1141,,,,819.0,2776.156750781864,2776.156750781864,135,2,120.698,31503.329875821746
1142,,,,816.0,2777.156750781864,2777.156750781864,136,2,120.681,11395.904428895841
1143,,,,812.0,2778.156750781864,2778.156750781864,137,2,120.664,11398.402097293889
1144,,,,811.0,2780.156750781864,2780.156750781864,138,2,120.631,22137.651464937866
1145,,,,803.0,2782.156750781864,2782.156750781864,139,2,120.598,22147.517397534662
1146,,,,799.0,2783.156750781864,2783.156750781864,140,2,120.581,11411.06235394318
1147,,,,793.0,2784.156750781864,2784.156750781864,141,2,120.563,12084.888519190212
1148,,,,792.0,2786.156750781864,2786.156750781864,142,2,120.527,24181.723117656904
1149,,,,789.0,2791.156750781864,2791.156750781864,143,2,120.445,55152.431213056676
1150,,,,787.0,2795.156750781864,2795.156750781864,144,2,120.377,45773.19625450027
1151,,,,783.0,2799.156750781864,2799.156750781864,145,2,120.312,43792.205547279314
1152,,,,780.0,2801.156750781864,2801.156750781864,146,2,120.279,22239.792426303706
1153,,,,776.0,2803.156750781864,2803.156750781864,147,2,120.244,23597.82849088842
1154,,,,772.0,2804.156750781864,2804.156750781864,148,2,120.226,12137.680329489727
1155,,,,768.0,2805.156750781864,2805.156750781864,149,2,120.209,11465.783677359277
1156,,,,769.0,2806.156750781864,2806.156750781864,150,2,120.192,11468.249113766911
1157,,,,764.0,2808.156750781864,2808.156750781864,151,2,120.163,19573.680959188616
1158,,,,762.0,2809.156750781864,2809.156750781864,152,2,120.148,10126.069019057491
1159,,,,757.0,2811.156750781864,2811.156750781864,153,2,120.118,20262.76163650143
1160,,,,750.0,2813.156750781864,2813.156750781864,154,2,120.09,18920.797190164994
1161,,,,746.0,2815.156750781864,2815.156750781864,155,2,120.062,18929.834672389374
1162,,,,745.0,2822.156750781864,2822.156750781864,156,2,119.987,50809.1929401346
1163,,,,739.0,2824.156750781864,2824.156750781864,157,2,119.964,15586.162439655138
1164,,,,736.0,2828.156750781864,2828.156750781864,158,2,119.913,34598.897602273675
1165,,,,728.0,2829.156750781864,2829.156750781864,159,2,119.899,9498.520342056152
1166,,,,725.0,2830.156750781864,2830.156750781864,160,2,119.884,10179.352142591302
1167,,,,719.0,2834.156750781864,2834.156750781864,161,2,119.828,38045.35745042987
1168,,,,716.0,2836.156750781864,2836.156750781864,162,2,119.799,19708.972277866094
1169,,,,716.0,2837.156750781864,2837.156750781864,163,2,119.786,8836.622601772502
1170,,,,711.0,2839.156750781864,2839.156750781864,164,2,119.757,19722.90364102119
1171,,,,714.0,2842.156750781864,2842.156750781864,165,2,119.719,25863.87654191646
1172,,,,719.0,2846.156750781864,2846.156750781864,166,2,119.678,27935.81689434179
1173,,,,722.0,2847.156750781864,2847.156750781864,167,2,119.676,1362.9567138501081
1320,,,,605.0,3244.156750781864,3244.156750781864,314,2,119.633,33383.3040385378
1321,,,,606.0,3245.156750781864,3245.156750781864,315,2,119.621,9317.000799019122
1322,,,,608.0,3250.156750781864,3250.156750781864,316,2,119.593,21769.523915476377
1328,,,,605.0,3265.156750781864,3265.156750781864,322,2,119.587,4685.761149912215
1338,,,,609.0,3296.156750781864,3296.156750781864,332,2,119.582,3941.6925696463563
1342,,,,615.0,3309.156750781864,3309.156750781864,336,2,119.58,1582.8490936572953
1354,,,,628.0,3340.156750781864,3340.156750781864,348,2,119.578,1597.6504164032547
1355,,,,629.0,3344.156750781864,3344.156750781864,349,2,119.562,12795.546326115873
1358,,,,632.0,3355.156750781864,3355.156750781864,352,2,119.56,1604.583585117182
1359,,,,631.0,3358.156750781864,3358.156750781864,353,2,119.537,18467.2797067558
1384,,,,626.0,3429.156750781864,3429.156750781864,378,2,119.518,15575.384274109485
1385,,,,624.0,3431.156750781864,3431.156750781864,379,2,119.497,17222.056546551325
1386,,,,623.0,3433.156750781864,3433.156750781864,380,2,119.48,13947.573514133801
1387,,,,626.0,3440.156750781864,3440.156750781864,381,2,119.415,53419.35605357031
1388,,,,629.0,3442.156750781864,3442.156750781864,382,2,119.408,5754.463411847953
1393,,,,628.0,3454.156750781864,3454.156750781864,387,2,119.382,21445.27035349614
1394,,,,626.0,3459.156750781864,3459.156750781864,388,2,119.33,42938.59576722284
1395,,,,626.0,3460.156750781864,3460.156750781864,389,2,119.326,3303.1486780624227
1396,,,,626.0,3461.156750781864,3461.156750781864,390,2,119.325,826.0085197230484
1398,,,,626.0,3466.156750781864,3466.156750781864,392,2,119.322,2481.5637303116127
1403,,,,614.0,3482.156750781864,3482.156750781864,397,2,119.291,25757.52393200861
1404,,,,609.0,3484.156750781864,3484.156750781864,398,2,119.278,10805.753294397156
1428,,,,539.0,3546.156750781864,3546.156750781864,422,2,119.249,24529.76980752757
1429,,,,537.0,3547.156750781864,3547.156750781864,423,2,119.235,11843.16182774491
1430,,,,531.0,3550.156750781864,3550.156750781864,424,2,119.193,35551.18449856892
1431,,,,530.0,3553.156750781864,3553.156750781864,425,2,119.154,33028.48583106684
1432,,,,531.0,3557.156750781864,3557.156750781864,426,2,119.1,45765.36852304397
1433,,,,535.0,3561.156750781864,3561.156750781864,427,2,119.065,29685.0014142458
1437,,,,527.0,3575.156750781864,3575.156750781864,431,2,119.057,6810.587806473658
1452,,,,484.0,3616.156750781864,3616.156750781864,446,2,119.039,15497.864239215443
1453,,,,485.0,3618.156750781864,3618.156750781864,447,2,119.02,16365.360780757916
1454,,,,486.0,3624.156750781864,3624.156750781864,448,2,119.012,6901.322237613044
1457,,,,483.0,3635.156750781864,3635.156750781864,451,2,118.994,15573.40411727918
1458,,,,485.0,3639.156750781864,3639.156750781864,452,2,118.974,17320.057073397726
1463,,,,482.0,3655.156750781864,3655.156750781864,457,2,118.939,30436.325781716187
1464,,,,484.0,3660.156750781864,3660.156750781864,458,2,118.89,42654.079574196665
1465,,,,488.0,3666.156750781864,3666.156750781864,459,2,118.856,29634.879497632344
1468,,,,485.0,3675.156750781864,3675.156750781864,462,2,118.854,1747.2430224526418
1469,,,,489.0,3678.156750781864,3678.156750781864,463,2,118.825,25352.397932700216
1470,,,,493.0,3680.156750781864,3680.156750781864,464,2,118.824,874.5855716707352
1690,,,,792.0,4248.156750781864,4248.156750781864,684,2,118.8,24227.135993947868
1691,,,,792.0,4249.156750781864,4249.156750781864,685,2,118.785,15143.03859951821
1692,,,,784.0,4252.156750781864,4252.156750781864,686,2,118.745,40400.591720520606
1693,,,,780.0,4253.156750781864,4253.156750781864,687,2,118.731,14140.317135691539
1694,,,,777.0,4254.156750781864,4254.156750781864,688,2,118.716,15152.051370044092
1695,,,,776.0,4256.156750781864,4256.156750781864,689,2,118.687,29302.30705206646
1696,,,,777.0,4257.156750781864,4257.156750781864,690,2,118.674,13136.278785781265
1697,,,,773.0,4262.156750781864,4262.156750781864,691,2,118.642,32367.29572700437
1701,,,,762.0,4268.156750781864,4268.156750781864,695,2,118.641,1012.7610382862165
1702,,,,758.0,4270.156750781864,4270.156750781864,696,2,118.628,13171.285687321704
1703,,,,754.0,4271.156750781864,4271.156750781864,697,2,118.617,11146.416416727297
1704,,,,750.0,4272.156750781864,4272.156750781864,698,2,118.605,12161.394824808165
1705,,,,750.0,4273.156750781864,4273.156750781864,699,2,118.592,13176.539503602975
1706,,,,750.0,4274.156750781864,4274.156750781864,700,2,118.579,13178.17839962121
1707,,,,746.0,4279.156750781864,4279.156750781864,701,2,118.516,63917.70019906544
1708,,,,743.0,4280.156750781864,4280.156750781864,702,2,118.504,12173.79303684427
1709,,,,739.0,4282.156750781864,4282.156750781864,703,2,118.478,26384.645848969092
1710,,,,738.0,4284.156750781864,4284.156750781864,704,2,118.454,24361.291854630887
1711,,,,734.0,4287.156750781864,4287.156750781864,705,2,118.417,37573.61494842648
1712,,,,728.0,4290.156750781864,4290.156750781864,706,2,118.377,40635.33510579198
1713,,,,726.0,4292.156750781864,4292.156750781864,707,2,118.352,25401.949386387332
1714,,,,721.0,4295.156750781864,4295.156750781864,708,2,118.314,38627.667568071636
1715,,,,716.0,4296.156750781864,4296.156750781864,709,2,118.301,13214.956684612129
1716,,,,715.0,4298.156750781864,4298.156750781864,710,2,118.276,25421.125740748805
1717,,,,711.0,4300.156750781864,4300.156750781864,711,2,118.253,23393.570850426786
1718,,,,707.0,4301.156750781864,4301.156750781864,712,2,118.24,13223.515025019839
1719,,,,703.0,4302.156750781864,4302.156750781864,713,2,118.227,13225.135305023618
1720,,,,701.0,4304.156750781864,4304.156750781864,714,2,118.201,26458.202479130858
1721,,,,693.0,4308.156750781864,4308.156750781864,715,2,118.152,49894.04285335199
1722,,,,684.0,4311.156750781864,4311.156750781864,716,2,118.108,44816.371333344694
1723,,,,680.0,4314.156750781864,4314.156750781864,717,2,118.068,40756.01139091267
1724,,,,676.0,4318.156750781864,4318.156750781864,718,2,118.022,46895.78685542827
1725,,,,665.0,4320.156750781864,4320.156750781864,719,2,117.998,24471.44151166978
1726,,,,657.0,4322.156750781864,4322.156750781864,720,2,117.969,29576.70449835136
1727,,,,653.0,4323.156750781864,4323.156750781864,721,2,117.955,14279.110065796154
1728,,,,651.0,4324.156750781864,4324.156750781864,722,2,117.942,13260.722865514794
1729,,,,646.0,4327.156750781864,4327.156750781864,723,2,117.906,36739.845552889325
1730,,,,646.0,4328.156750781864,4328.156750781864,724,2,117.895,11226.420589912352
1731,,,,643.0,4334.156750781864,4334.156750781864,725,2,117.861,34741.31760386082
1732,,,,639.0,4335.156750781864,4335.156750781864,726,2,117.859,2043.7662985983604
1733,,,,639.0,4336.156750781864,4336.156750781864,727,2,117.858,1022.105860814404
1734,,,,639.0,4338.156750781864,4338.156750781864,728,2,117.854,4090.2224161661775
1735,,,,636.0,4341.156750781864,4341.156750781864,729,2,117.85,4092.9120431501556
1736,,,,631.0,4343.156750781864,4343.156750781864,730,2,117.849,1023.6777029928751
1737,,,,626.0,4344.156750781864,4344.156750781864,731,2,117.848,1023.9047136939218
1738,,,,627.0,4348.156750781864,4348.156750781864,732,2,117.831,17421.076992743627
1739,,,,623.0,4351.156750781864,4351.156750781864,733,2,117.802,29733.007441048776
1740,,,,619.0,4355.156750781864,4355.156750781864,734,2,117.785,17442.31132859998
1747,,,,589.0,4370.156750781864,4370.156750781864,741,2,117.765,20587.808452929265
1748,,,,586.0,4374.156750781864,4374.156750781864,742,2,117.736,29873.430380006765
1749,,,,582.0,4379.156750781864,4379.156750781864,743,2,117.707,29900.212283366596
1750,,,,579.0,4380.156750781864,4380.156750781864,744,2,117.699,8248.92144059187
1751,,,,579.0,4381.156750781864,4381.156750781864,745,2,117.69,9281.48495768848
1752,,,,579.0,4385.156750781864,4385.156750781864,746,2,117.656,35088.98942275484
1753,,,,577.0,4388.156750781864,4388.156750781864,747,2,117.632,24779.535013872057
1754,,,,578.0,4391.156750781864,4391.156750781864,748,2,117.609,23758.542419856243
1755,,,,571.0,4395.156750781864,4395.156750781864,749,2,117.604,5168.990024103571
1760,,,,555.0,4406.156750781864,4406.156750781864,754,2,117.6,4145.382769648656
1761,,,,556.0,4410.156750781864,4410.156750781864,755,2,117.56,41483.69846054627
1762,,,,554.0,4413.156750781864,4413.156750781864,756,2,117.538,22825.5351675027
1763,,,,551.0,4414.156750781864,4414.156750781864,757,2,117.531,7263.419892737238
1764,,,,543.0,4419.156750781864,4419.156750781864,758,2,117.498,34274.789735325154
1765,,,,540.0,4421.156750781864,4421.156750781864,759,2,117.488,10389.099402397585
1766,,,,539.0,4422.156750781864,4422.156750781864,760,2,117.486,2078.183720711592
1767,,,,532.0,4426.156750781864,4426.156750781864,761,2,117.469,17679.11020946972
1768,,,,526.0,4428.156750781864,4428.156750781864,762,2,117.452,17684.539204852987
1769,,,,523.0,4429.156750781864,4429.156750781864,763,2,117.443,9363.480974774508
1770,,,,519.0,4431.156750781864,4431.156750781864,764,2,117.421,22895.822380534904
1771,,,,514.0,4433.156750781864,4433.156750781864,765,2,117.399,22901.86510081494
1772,,,,510.0,4436.156750781864,4436.156750781864,766,2,117.375,24995.862360194416
1773,,,,505.0,4438.156750781864,4438.156750781864,767,2,117.362,13543.394815713118
1774,,,,500.0,4440.156750781864,4440.156750781864,768,2,117.348,14590.088673659773
1775,,,,496.0,4442.156750781864,4442.156750781864,769,2,117.334,14594.919228213465
1776,,,,492.0,4444.156750781864,4444.156750781864,770,2,117.319,15642.520710618843
1777,,,,486.0,4446.156750781864,4446.156750781864,771,2,117.303,16690.65902691665
1778,,,,484.0,4447.156750781864,4447.156750781864,772,2,117.296,7303.089686027114
1779,,,,482.0,4449.156750781864,4449.156750781864,773,2,117.284,12524.19828718139
1780,,,,478.0,4452.156750781864,4452.156750781864,774,2,117.272,12531.360946037164
1788,,,,461.0,4473.156750781864,4473.156750781864,782,2,117.267,5245.648555868275
1789,,,,455.0,4475.156750781864,4475.156750781864,783,2,117.244,24137.890149995874
1790,,,,452.0,4476.156750781864,4476.156750781864,784,2,117.234,10495.602826103668
1791,,,,449.0,4479.156750781864,4479.156750781864,785,2,117.202,33602.4189448378
1792,,,,444.0,4481.156750781864,4481.156750781864,786,2,117.176,27307.398480299602
1793,,,,438.0,4482.156750781864,4482.156750781864,787,2,117.162,14704.755081301668
1794,,,,434.0,4483.156750781864,4483.156750781864,788,2,117.148,14706.278415870287
1795,,,,432.0,4484.156750781864,4484.156750781864,789,2,117.134,14707.800966409053
1796,,,,427.0,4488.156750781864,4488.156750781864,790,2,117.082,54662.30232014555
1797,,,,423.0,4489.156750781864,4489.156750781864,791,2,117.072,10511.540098216205
1798,,,,420.0,4491.156750781864,4491.156750781864,792,2,117.066,6309.302755887623
1813,,,,357.0,4515.156750781864,4515.156750781864,807,2,117.053,13742.091783377417
1814,,,,353.0,4516.156750781864,4516.156750781864,808,2,117.04,13743.608869380629
1815,,,,350.0,4519.156750781864,4519.156750781864,809,2,117.0,42306.53783812611
1816,,,,344.0,4521.156750781864,4521.156750781864,810,2,116.976,25388.21212610346
1817,,,,339.0,4526.156750781864,4526.156750781864,811,2,116.944,33880.27478856886
1817,,,,339.0,4526.156750781864,4526.156750781864,811,2,116.944,1.8209674070372227e8
