fixIdx,legIdx,tickLead,togo,area
738,2,4324.427576938485,184.288,82.1641239617319
739,2,4330.427576938485,184.225,272.8169373471964
743,2,4354.427576938485,184.188,161.11382034675069
744,2,4360.427576938485,184.101,379.3571991936006
745,2,4366.427576938485,183.989,489.03988861708746
746,2,4372.427576938485,183.878,485.33946104025233
747,2,4378.427576938485,183.779,433.46433011686423
748,2,4384.427576938485,183.685,412.13619223219166
749,2,4390.427576938485,183.608,338.06292342425536
750,2,4396.427576938485,183.586,96.72140669260868
759,2,4450.427576938485,183.538,213.62052369305536
761,2,4463.427576938485,183.454,374.92791646284695
762,2,4469.427576938485,183.45,17.8777103078393
763,2,4475.427576938485,183.399,228.24680642380778
764,2,4481.427576938485,183.373,116.51711700044748
765,2,4487.427576938485,183.361,53.84913092326386
766,2,4493.427576938485,183.288,328.0202131164154
769,2,4511.427576938485,183.227,275.19708219327936
771,2,4523.427576938485,183.169,262.3587994623992
772,2,4529.427576938485,183.162,31.70599303859205
773,2,4535.427576938485,183.128,154.20453761600027
774,2,4541.427576938485,183.041,395.1041991935986
776,2,4553.427576938485,183.04,4.553427576960226
777,2,4559.427576938485,182.939,460.50218527078283
778,2,4565.427576938485,182.919,91.30855153868666
779,2,4571.427576938485,182.913,27.428565461631948
780,2,4577.427576938485,182.834,361.6167785781757
782,2,4589.427576938485,182.786,220.2925236930556
783,2,4595.427576938485,182.729,261.9393718854383
787,2,4619.427576938485,182.672,263.30737188556924
788,2,4625.427576938485,182.615,263.6493718854379
789,2,4631.427576938485,182.589,120.41711700044905
790,2,4637.427576938485,182.516,338.5322131165442
791,2,4643.427576938485,182.407,506.13360588620407
792,2,4649.427576938485,182.289,548.6324540788501
793,2,4655.427576938485,182.161,595.8947298480605
794,2,4662.427576938485,182.039,568.8161643865609
795,2,4668.427576938485,181.906,620.9008677327314
796,2,4674.427576938485,181.874,149.58168246208146
800,2,4698.427576938485,181.79,394.6679164628477
801,2,4704.427576938485,181.728,291.674509770108
803,2,4716.427576938485,181.645,391.46348888588676
804,2,4722.427576938485,181.587,273.900799462532
807,2,4740.427576938485,181.533,255.9830891546879
808,2,4746.427576938485,181.446,412.9391991935964
811,2,4764.427576938485,181.418,133.4039721542375
812,2,4770.427576938485,181.357,290.9960821932812
813,2,4776.427576938485,181.241,554.0655989247947
814,2,4782.427576938485,181.166,358.68206827046794
815,2,4788.427576938485,181.075,435.74690950144134
816,2,4794.427576938485,180.975,479.44275769382125
817,2,4800.427576938485,180.868,513.6457507324146
818,2,4806.427576938485,180.731,658.4805780405746
819,2,4812.427576938485,180.589,683.3647159252452
820,2,4818.427576938485,180.442,708.3088538099156
821,2,4824.427576938485,180.29,733.3129916947232
822,2,4830.427576938485,180.141,719.7337089638387
823,2,4836.427576938485,179.993,715.791281386877
824,2,4842.427576938485,179.852,682.7822883482834
825,2,4848.427576938485,179.712,678.7798607714595
826,2,4854.427576938485,179.566,708.7464262329537
827,2,4860.427576938485,179.418,719.3432813868769
828,2,4866.427576938485,179.264,749.429846848509
829,2,4872.427576938485,179.108,760.0987020024324
830,2,4879.427576938485,178.924,897.8146741566691
831,2,4885.427576938485,178.761,796.3246950410263
832,2,4891.427576938485,178.599,792.4112674640646
833,2,4897.427576938485,178.44,778.690984733179
834,2,4903.427576938485,178.284,764.9347020024327
835,2,4909.427576938485,178.123,790.4178398871028
836,2,4915.427576938485,177.96,801.214695040887
837,2,4921.427576938485,177.803,772.6641295793947
838,2,4927.427576938485,177.648,763.7512744254708
839,2,4933.427576938485,177.498,740.0141365408008
840,2,4939.427576938485,177.351,726.0958538099146
841,2,4945.427576938485,177.188,806.104695041027
842,2,4951.427576938485,177.025,807.0826950408864
843,2,4957.427576938485,176.88,718.8269986561311
844,2,4963.427576938485,176.745,670.0627228866504
845,2,4969.427576938485,176.608,680.8115780405747
846,2,4975.427576938485,176.476,656.7564401559049
847,2,4981.427576938485,176.338,687.437005617537
848,2,4987.427576938485,176.183,773.0512744254709
849,2,4993.427576938485,176.008,873.8498259641497
850,2,4999.427576938485,175.827,904.8963914259238
851,2,5005.427576938485,175.658,845.9172605026597
852,2,5011.427576938485,175.502,781.7827020022909
853,2,5017.427576938485,175.373,647.2481574251603
854,2,5023.427576938485,175.33,216.00738580824407
856,2,5035.427576938485,175.257,367.5862131165472
859,2,5053.427576938485,175.181,384.0604958472915
860,2,5059.427576938485,175.175,30.35656546163206
861,2,5065.427576938485,175.15,126.63568942349092
862,2,5071.427576938485,175.073,390.4999234242541
864,2,5083.427576938485,175.063,50.83427576948309
865,2,5089.427576938485,174.996,340.9916476547709
867,2,5102.427576938485,174.983,66.33155850022699
868,2,5108.427576938485,174.918,332.0477925009899
871,2,5126.427576938485,174.856,317.8385097702467
873,2,5138.427576938485,174.827,149.01439973119736
874,2,5144.427576938485,174.73,499.0094749630763
875,2,5150.427576938485,174.629,520.1931852707822
876,2,5156.427576938485,174.613,82.50284123097003
879,2,5174.427576938485,174.567,238.0236685391303
880,2,5180.427576938485,174.53,191.67582034675576
881,2,5186.427576938485,174.434,497.8970473861134
882,2,5192.427576938485,174.417,88.271268807933
883,2,5198.427576938485,174.406,57.182703346300876
884,2,5204.427576938485,174.301,546.4648955786356
886,2,5216.427576938485,174.256,234.73924096216658
887,2,5222.427576938485,174.171,443.9063440398128
889,2,5234.427576938485,174.121,261.72137884683497
890,2,5240.427576938485,174.004,613.1300265019005
891,2,5246.427576938485,173.884,629.5713092326421
892,2,5252.427576938485,173.742,745.8447159252433
893,2,5258.427576938485,173.599,751.955143502207
894,2,5264.427576938485,173.453,768.6064262329481
895,2,5270.427576938485,173.301,801.10499169473
896,2,5276.427576938485,173.135,875.8869777717717
897,2,5283.427576938485,172.981,813.6478468485075
898,2,5289.427576938485,172.813,888.6238329256992
899,2,5295.427576938485,172.666,778.4278538099115
900,2,5301.427576938485,172.511,821.7212744254712
901,2,5307.427576938485,172.36,801.4215641176158
902,2,5313.427576938485,172.217,759.820143502207
903,2,5319.427576938485,172.073,765.9975710791708
904,2,5325.427576938485,171.928,772.1869986561348
905,2,5331.427576938485,171.781,783.7198538099112
906,2,5337.427576938485,171.641,747.2398607714667
907,2,5343.427576938485,171.498,764.1101435022069
908,2,5349.427576938485,171.349,797.0647089638392
909,2,5355.427576938485,171.205,771.1815710790188
910,2,5361.427576938485,171.088,627.2870265019027
911,2,5367.427576938485,170.988,536.742757693818
912,2,5373.427576938485,170.872,623.317598924786
913,2,5379.427576938485,170.738,720.8432953098353
914,2,5385.427576938485,170.584,829.3558468485071
915,2,5391.427576938485,170.444,754.7998607714676
916,2,5397.427576938485,170.318,680.0758746941215
917,2,5403.427576938485,170.171,794.3038538100642
918,2,5409.427576938485,170.019,822.2329916945783
919,2,5415.427576938485,169.866,828.5604192715426
920,2,5421.427576938485,169.71,845.7427020024357
921,2,5427.427576938485,169.541,917.2352605026645
922,2,5433.427576938485,169.37,929.1161156564389
923,2,5439.427576938485,169.203,908.3844053487356
924,2,5445.427576938485,169.046,854.9321295794003
925,2,5451.427576938485,168.889,855.8741295792454
926,2,5457.427576938485,168.733,851.358702002436
927,2,5463.427576938485,168.586,803.1238538099101
928,2,5469.427576938485,168.44,798.5364262331009
929,2,5475.427576938485,168.297,782.986143502207
930,2,5481.427576938485,168.152,794.8069986561364
931,2,5487.427576938485,167.993,872.5009847331742
932,2,5494.427576938485,167.899,516.4761922321851
934,2,5506.427576938485,167.854,247.78924096216295
935,2,5512.427576938485,167.817,203.9598203467578
937,2,5524.427576938485,167.802,82.86641365415892
938,2,5530.427576938485,167.767,193.5649651928281
940,2,5542.427576938485,167.738,160.7303997311959
941,2,5548.427576938485,167.694,244.13081338535514
943,2,5560.427576938485,167.639,305.82351673149657
944,2,5566.427576938485,167.572,372.950647654919
946,2,5578.427576938485,167.555,94.83326880793142
947,2,5584.427576938485,167.469,480.2607716167808
948,2,5590.427576938485,167.387,458.41506130892014
951,2,5608.427576938485,167.302,476.71634403981585
952,2,5614.427576938485,167.245,320.02237188542597
955,2,5632.427576938485,167.209,202.76739276979313
956,2,5638.427576938485,167.148,343.94408219328733
958,2,5650.427576938485,167.128,113.00855153882752
959,2,5656.427576938485,167.013,650.4891713478164
960,2,5662.427576938485,166.947,373.72022007795414
961,2,5668.427576938485,166.922,141.71068942349433
962,2,5674.427576938485,166.849,414.23321311655195
963,2,5680.427576938485,166.768,460.114633731954
966,2,5699.427576938485,166.72,273.57252369305763
967,2,5705.427576938485,166.598,696.0621643864134
968,2,5711.427576938485,166.54,331.2627994625529
972,2,5735.427576938485,166.481,338.39022703935626
973,2,5741.427576938485,166.382,568.40133011685
974,2,5747.427576938485,166.307,431.05706827048436
976,2,5759.427576938485,166.243,368.60336492402246
977,2,5765.427576938485,166.188,317.098516731656
979,2,5777.427576938485,166.098,519.9684819243191
980,2,5783.427576938485,166.06,219.77024792372555
982,2,5795.427576938485,165.967,538.9747646552172
983,2,5801.427576938485,165.832,783.1927228868076
984,2,5807.427576938485,165.703,749.1581574250104
985,2,5813.427576938485,165.565,802.2530056175414
986,2,5819.427576938485,165.403,942.7472674640703
987,2,5825.427576938485,165.234,984.4972605025033
988,2,5831.427576938485,165.066,979.6798329257026
989,2,5837.427576938485,164.905,939.825839887104
990,2,5843.427576938485,164.752,894.044419271539
991,2,5849.427576938485,164.593,930.0589847333375
992,2,5855.427576938485,164.442,884.169564117606
993,2,5861.427576938485,164.291,885.0755641177725
994,2,5868.427576938485,164.147,845.0535710791738
995,2,5874.427576938485,164.014,781.2988677327089
996,2,5880.427576938485,163.859,911.4662744254719
997,2,5886.427576938485,163.728,771.1220125789429
998,2,5892.427576938485,163.589,819.0474331945084
999,2,5898.427576938485,163.441,872.967281386873
1000,2,5904.427576938485,163.286,915.1862744254719
1001,2,5910.427576938485,163.149,809.7285780405751
1002,2,5916.427576938485,163.013,804.6341504636084
1003,2,5922.427576938485,162.871,840.9847159252406
1004,2,5928.427576938485,162.717,912.9778468485051
1005,2,5934.427576938485,162.57,872.3608538100747
1006,2,5940.427576938485,162.423,873.2428538099059
1007,2,5946.427576938485,162.276,874.1248538099059
1008,2,5952.427576938485,162.144,785.7204401559097
1009,2,5958.427576938485,162.022,726.9281643865792
1010,2,5964.427576938485,161.878,858.8775710791743
1011,2,5970.427576938485,161.718,955.2684123101373
1012,2,5976.427576938485,161.562,932.3227020022691
1013,2,5982.427576938485,161.442,717.8913092326454
1014,2,5988.427576938485,161.396,275.4676685392942
1016,2,6000.427576938485,161.382,84.00598607702828
1017,2,6006.427576938485,161.33,312.33423400075617
1018,2,6012.427576938485,161.295,210.43496519299734
1019,2,6018.427576938485,161.243,312.9582340007561
1020,2,6024.427576938485,161.133,662.6870334631443
1021,2,6030.427576938485,160.989,868.3815710791747
1022,2,6036.427576938485,160.862,766.6263022712452
1023,2,6042.427576938485,160.84,132.93340669259447
1025,2,6054.427576938485,160.809,187.68725488512882
1026,2,6060.427576938485,160.723,521.1967716166146
1029,2,6078.427576938485,160.684,237.05867550069627
1030,2,6084.427576938485,160.567,711.8780265017432
1031,2,6090.427576938485,160.502,395.87779250098765
1034,2,6109.427576938485,160.461,250.48653065445842
1035,2,6115.427576938485,160.351,672.6970334633168
1036,2,6121.427576938485,160.22,801.907012578943
1037,2,6127.427576938485,160.103,716.9090265017428
1038,2,6133.427576938485,160.071,196.26968246209705
1041,2,6151.427576938485,159.991,492.1142061549809
1044,2,6169.427576938485,159.925,407.18222007795544
1045,2,6175.427576938485,159.84,524.9113440398204
1047,2,6187.427576938485,159.812,173.24797215422552
1048,2,6193.427576938485,159.69,755.5981643865824
1049,2,6199.427576938485,159.585,650.9398955784775
1052,2,6217.427576938485,159.503,509.8290613090929
1053,2,6223.427576938485,159.413,560.108481924308
1054,2,6229.427576938485,159.365,299.0125236930586
1055,2,6235.427576938485,159.273,573.6593370784215
1056,2,6241.427576938485,159.167,661.5913231554454
1057,2,6247.427576938485,159.028,868.3924331945119
1058,2,6253.427576938485,158.882,913.000426232935
1059,2,6259.427576938485,158.749,832.5038677328797
1060,2,6265.427576938485,158.609,877.1598607713024
1061,2,6271.427576938485,158.463,915.6284262331129
1062,2,6277.427576938485,158.322,885.1172883482707
1063,2,6283.427576938485,158.176,917.3804262331131
1064,2,6289.427576938485,158.022,968.5718468485038
1065,2,6295.427576938485,157.878,906.5415710791762
1066,2,6301.427576938485,157.736,894.8027159252391
1067,2,6307.427576938485,157.584,958.7289916945665
1068,2,6313.427576938485,157.43,972.2678468485037
1069,2,6320.427576938485,157.28,948.0641365408087
1070,2,6326.427576938485,157.12,1012.228412310136
1071,2,6332.427576938485,156.977,905.5371435022076
1072,2,6338.427576938485,156.837,887.3798607714816
1073,2,6344.427576938485,156.69,932.6308538099024
1074,2,6350.427576938485,156.542,939.8632813868712
1075,2,6356.427576938485,156.384,1004.3155571563789
1076,2,6362.427576938485,156.228,992.5387020022604
1077,2,6368.427576938485,156.084,917.0535710791765
1078,2,6374.427576938485,155.954,828.675585001974
1079,2,6380.427576938485,155.818,867.7381504636064
1080,2,6386.427576938485,155.681,874.9405780405754
1081,2,6392.427576938485,155.546,862.977722886819
1082,2,6398.427576938485,155.407,889.3814331943315
1083,2,6404.427576938485,155.28,813.3623022712487
1084,2,6410.427576938485,155.148,846.176440155912
1085,2,6416.427576938485,155.024,795.6370195403415
1086,2,6422.427576938485,154.892,847.7604401559121
1087,2,6428.427576938485,154.757,867.837722886637
1088,2,6434.427576938485,154.615,913.6887159252385
1089,2,6440.427576938485,154.473,914.5407159252385
1090,2,6446.427576938485,154.329,928.285571079177
1091,2,6452.427576938485,154.196,858.1728677328816
1092,2,6458.427576938485,154.07,813.76187469428
1093,2,6464.427576938485,153.952,762.8024540787089
1094,2,6470.427576938485,153.84,724.6878886170765
1095,2,6476.427576938485,153.74,647.6427576938116
1096,2,6482.427576938485,153.638,661.2076128477505
1097,2,6488.427576938485,153.524,739.6807437710153
1098,2,6494.427576938485,153.39,870.2532953098515
1099,2,6500.427576938485,153.262,832.0547298480344
1100,2,6506.427576938485,153.134,832.8227298482193
1101,2,6512.427576938485,153.032,664.2676128475655
1102,2,6518.427576938485,153.018,91.257986077204
1103,2,6524.427576938485,153.009,58.719848192541306
1104,2,6530.427576938485,152.904,685.6948955784741
1105,2,6536.427576938485,152.854,326.82137884681276
1106,2,6542.427576938485,152.847,45.79699303860212
1107,2,6548.427576938485,152.777,458.3899303858354
1108,2,6555.427576938485,152.747,196.66282730797568
1109,2,6561.427576938485,152.713,223.08853761604126
1110,2,6567.427576938485,152.659,354.6410891546916
1111,2,6573.427576938485,152.638,138.04197911562
1112,2,6579.427576938485,152.588,328.971378846999
1113,2,6585.427576938485,152.581,46.09799303860233
1114,2,6591.427576938485,152.52,402.0770821931067
1115,2,6597.427576938485,152.509,72.57170334648234
1116,2,6603.427576938485,152.448,402.80908219310646
1117,2,6609.427576938485,152.431,112.3602688079272
1118,2,6615.427576938485,152.406,165.3856894234997
1119,2,6621.427576938485,152.315,602.5499095014563
1121,2,6633.427576938485,152.257,384.73879946238384
1122,2,6639.427576938485,152.213,292.1348133853673
1124,2,6651.427576938485,152.177,239.45139276979452
1125,2,6657.427576938485,152.062,765.6041713477971
1126,2,6663.427576938485,151.946,772.9575989249566
1127,2,6669.427576938485,151.841,700.2898955784726
1128,2,6675.427576938485,151.709,881.1564401559134
1129,2,6681.427576938485,151.596,755.0013161940458
1130,2,6687.427576938485,151.505,608.5559095014569
1131,2,6693.427576938485,151.362,957.1601435022079
1132,2,6699.427576938485,151.198,1098.7061226178262
1133,2,6705.427576938485,151.033,1106.3955501949872
1134,2,6711.427576938485,150.859,1167.78839838715
1135,2,6717.427576938485,150.695,1101.658122618017
1136,2,6723.427576938485,150.533,1089.1952674640759
1137,2,6729.427576938485,150.376,1056.5201295792228
1138,2,6735.427576938485,150.217,1070.932984733164
1139,2,6742.427576938485,150.052,1112.500550194988
1140,2,6748.427576938485,149.863,1275.452812041326
1141,2,6754.427576938485,149.708,1046.936274425473
1142,2,6760.427576938485,149.555,1034.3454192715312
1143,2,6766.427576938485,149.404,1021.730564117782
1144,2,6772.427576938485,149.257,995.5468538098987
1145,2,6778.427576938485,149.118,942.2014331945172
1146,2,6784.427576938485,148.968,1017.6641365408113
1147,2,6790.427576938485,148.807,1093.2588398871053
1148,2,6796.427576938485,148.646,1094.2248398871054
1149,2,6802.427576938485,148.486,1088.3884123101343
1150,2,6808.427576938485,148.324,1102.9652674638828
1151,2,6814.427576938485,148.163,1097.1228398871053
1152,2,6820.427576938485,147.996,1139.0114053487378
1153,2,6826.427576938485,147.824,1174.1455432333992
1154,2,6832.427576938485,147.678,997.5344262331213
1155,2,6838.427576938485,147.536,971.0567159252369
1156,2,6844.427576938485,147.386,1026.6641365408116
1157,2,6850.427576938485,147.229,1075.5171295792206
1158,2,6856.427576938485,147.074,1062.7462744254728
1159,2,6862.427576938485,146.904,1166.6126880796517
1160,2,6868.427576938485,146.722,1250.0538190027214
1161,2,6874.427576938485,146.548,1196.1503983873417
1162,2,6880.427576938485,146.4,1018.3032813868691
1163,2,6886.427576938485,146.248,1046.7369916947546
1164,2,6892.427576938485,146.106,978.7247159252366
1165,2,6898.427576938485,145.975,903.6940125789431
1166,2,6904.427576938485,145.843,911.3844401559145
1167,2,6910.427576938485,145.702,974.370288348265
1168,2,6916.427576938485,145.555,1016.7148538098975
1169,2,6922.427576938485,145.42,934.5277228868292
1170,2,6928.427576938485,145.268,1053.1209916945584
1171,2,6934.427576938485,145.122,1012.4264262329258
1172,2,6940.427576938485,144.961,1117.4088398871056
1173,2,6946.427576938485,144.798,1132.267695041049
1174,2,6952.427576938485,144.633,1147.1505501947947
1175,2,6958.427576938485,144.502,911.5540125789431
1176,2,6965.427576938485,144.339,1135.3646950410491
1177,2,6971.427576938485,144.184,1080.5712744254731
1178,2,6977.427576938485,144.045,969.8624331945192
1179,2,6983.427576938485,143.909,949.7461504636037
1180,2,6989.427576938485,143.777,922.604440155915
1181,2,6995.427576938485,143.644,930.3918677326881
1182,2,7001.427576938485,143.51,938.1912953098589
1183,2,7007.427576938485,143.361,1044.1067089638407
1184,2,7013.427576938485,143.222,974.8664331943203
1185,2,7019.427576938485,143.097,877.4284471173106
1186,2,7025.427576938485,143.015,576.0850613091108
1187,2,7031.427576938485,142.974,288.2885306544555
1188,2,7037.427576938485,142.937,260.38482034656715
1189,2,7043.427576938485,142.914,161.9988342697581
1190,2,7049.427576938485,142.896,126.88969638489753
1191,2,7055.427576938485,142.864,225.7736824619064
1192,2,7061.427576938485,142.827,261.2728203467673
1193,2,7067.427576938485,142.779,339.2365236930601
1194,2,7073.427576938485,142.716,445.6259373470409
1195,2,7079.427576938485,142.577,984.0404331945202
1196,2,7085.427576938485,142.454,871.5075919633659
1197,2,7091.427576938485,142.373,574.4056337321398
1198,2,7097.427576938485,142.337,255.50739276979513
1199,2,7103.427576938485,142.307,213.10282730816263
1200,2,7109.427576938485,142.274,234.61111003887785
1206,2,7145.427576938485,142.226,342.98052369306026
1207,2,7151.427576938485,142.112,815.2627437710182
1208,2,7157.427576938485,141.99,873.2061643863926
1209,2,7164.427576938485,141.872,845.4024540787054
1210,2,7170.427576938485,141.751,867.6217368096235
1211,2,7176.427576938485,141.672,566.9377785781958
1212,2,7182.427576938485,141.562,790.0670334631271
1213,2,7188.427576938485,141.424,992.0030056175485
1214,2,7194.427576938485,141.274,1079.1641365408136
1215,2,7200.427576938485,141.161,813.6483161940455
1216,2,7206.427576938485,141.16,7.206427576972894
1218,2,7218.427576938485,141.126,245.4265376158494
1219,2,7224.427576938485,141.102,173.3862618465302
1223,2,7248.427576938485,140.991,804.5754610400993
1224,2,7254.427576938485,140.874,848.768026501938
1225,2,7260.427576938485,140.78,682.4801922321747
1227,2,7272.427576938485,140.711,501.79750280867114
1228,2,7278.427576938485,140.646,473.09779250119186
1233,2,7308.427576938485,140.556,657.7584819242809
1234,2,7314.427576938485,140.465,665.612909501462
1236,2,7326.427576938485,140.408,417.60637188561356
1237,2,7332.427576938485,140.325,608.5914888858825
1238,2,7339.427576938485,140.303,161.46740669258327
1239,2,7345.427576938485,140.281,161.59940669258322
1240,2,7351.427576938485,140.174,786.6027507324129
1241,2,7357.427576938485,140.1,544.4496406935382
1243,2,7369.427576938485,140.005,700.0956198091477
1244,2,7375.427576938485,139.999,44.252565461632585
1245,2,7381.427576938485,139.908,671.7099095014626
1247,2,7393.427576938485,139.841,495.35964765472215
1249,2,7405.427576938485,139.826,111.08141365418672
1250,2,7411.427576938485,139.785,303.8685306544543
1252,2,7423.427576938485,139.708,571.6039234242498
1254,2,7435.427576938485,139.633,557.6570682703018
1256,2,7447.427576938485,139.559,551.1096406935393
1257,2,7453.427576938485,139.499,447.20565461632606
1259,2,7465.427576938485,139.475,179.17026184653042
1260,2,7471.427576938485,139.348,948.8713022710466
1261,2,7477.427576938485,139.248,747.7427576940185
1262,2,7483.427576938485,139.136,838.1438886170712
1263,2,7489.427576938485,139.021,861.2841713479938
1264,2,7495.427576938485,138.894,951.9193022710461
1265,2,7501.427576938485,138.751,1072.7041435022084
1266,2,7507.427576938485,138.609,1066.0547159252342
1267,2,7513.427576938485,138.447,1217.1752674640807
1268,2,7519.427576938485,138.314,1000.083867732892
1269,2,7525.427576938485,138.182,993.3564401559177
1270,2,7531.427576938485,138.04,1069.462715925234
1271,2,7537.427576938485,137.901,1047.7024331943105
1272,2,7543.427576938485,137.755,1101.340426233132
1273,2,7550.427576938485,137.605,1132.5641365408158
1274,2,7556.427576938485,137.452,1156.1334192715246
1275,2,7562.427576938485,137.273,1353.6745362720042
1276,2,7568.427576938485,137.123,1135.2641365408158
1277,2,7574.427576938485,136.967,1181.6107020022332
1278,2,7580.427576938485,136.811,1182.5467020024485
1279,2,7586.427576938485,136.644,1266.9334053487391
1280,2,7592.427576938485,136.488,1184.4187020024485
1281,2,7598.427576938485,136.335,1162.5594192715243
1282,2,7604.427576938485,136.182,1163.4774192717402
1283,2,7610.427576938485,136.026,1187.2267020022323
1284,2,7616.427576938485,135.867,1211.0119847333733
1285,2,7622.427576938485,135.7,1272.945405348739
1286,2,7628.427576938485,135.548,1159.5209916945491
1287,2,7634.427576938485,135.37,1358.9281086950296
1288,2,7640.427576938485,135.182,1436.400384464562
1289,2,7646.427576938485,135.002,1376.356963848762
1290,2,7652.427576938485,134.818,1408.046674156662
1291,2,7658.427576938485,134.631,1432.1259568875873
1292,2,7664.427576938485,134.443,1440.9123844643445
1293,2,7670.427576938485,134.265,1365.3361086952473
1294,2,7676.427576938485,134.098,1281.963405348521
1295,2,7682.427576938485,133.957,1083.2222883484767
1296,2,7688.427576938485,133.854,791.9080404245119
1297,2,7694.427576938485,133.802,400.1102340009622
1321,2,7839.427576938485,133.644,1238.629557156179
1322,2,7845.427576938485,133.476,1318.0318329257154
1323,2,7851.427576938485,133.333,1122.7541435022088
1324,2,7857.427576938485,133.216,919.319026501726
1325,2,7863.427576938485,133.109,841.3867507324126
1326,2,7869.427576938485,133.025,661.0319164628578
1327,2,7875.427576938485,132.966,464.6502270393509
1328,2,7881.427576938485,132.935,244.32425488513962
1329,2,7887.427576938485,132.914,165.63597911582656
1330,2,7893.427576938485,132.832,647.2610613089055
1331,2,7899.427576938485,132.697,1066.4227228866237
1332,2,7905.427576938485,132.588,861.691605886365
1333,2,7911.427576938485,132.479,862.3456058861401
1334,2,7917.427576938485,132.336,1132.1921435022086
1335,2,7923.427576938485,132.187,1180.5907089638415
1336,2,7929.427576938485,132.051,1078.4021504638251
1337,2,7935.427576938485,132.019,253.93368246189078
1339,2,7947.427576938485,131.937,651.6890613089051
1340,2,7953.427576938485,131.913,190.88226184653087
1343,2,7971.427576938485,131.853,478.28565461632724
1344,2,7977.427576938485,131.84,103.70655850024202
1347,2,7995.427576938485,131.73,879.4970334633424
1348,2,8001.427576938485,131.67,480.0856546163273
1353,2,8032.427576938485,131.621,393.5889512698104
1354,2,8038.427576938485,131.605,128.61484123117293
1355,2,8044.427576938485,131.569,289.59939276979645
1356,2,8050.427576938485,131.523,370.3196685391081
1357,2,8056.427576938485,131.519,32.22571030767884
1358,2,8062.427576938485,131.438,653.0566337321566
1360,2,8074.427576938485,131.378,484.46565461632747
1361,2,8080.427576938485,131.308,565.6299303856388
1363,2,8092.427576938485,131.266,339.8819582314292
1364,2,8098.427576938485,131.197,558.7915028086616
1365,2,8104.427576938485,131.182,121.56641365419705
1366,2,8110.427576938485,131.084,794.821902539848
1367,2,8116.427576938485,131.06,194.79426184653101
1368,2,8122.427576938485,131.014,373.6316685391075
1369,2,8128.427576938485,130.932,666.531061309135
1371,2,8140.427576938485,130.87,504.70650977005096
1372,2,8146.427576938485,130.834,293.2713927697966
1373,2,8152.427576938485,130.785,399.4689512700395
1374,2,8158.427576938485,130.718,546.6146476549378
1375,2,8164.427576938485,130.708,81.6442757693106
1376,2,8170.427576938485,130.628,653.634206155181
1377,2,8176.427576938485,130.623,40.88213788465524
1378,2,8182.427576938485,130.54,679.1414888858812
1379,2,8188.427576938485,130.483,466.74037188539495
1381,2,8201.427576938486,130.406,631.5099234242485
1382,2,8207.427576938486,130.381,205.1856894235088
1383,2,8213.427576938486,130.347,279.2565376158413
1384,2,8219.427576938486,130.246,830.1621852707796
1386,2,8231.427576938486,130.204,345.71995823142953
1387,2,8237.427576938486,130.138,543.6702200779607
1388,2,8243.427576938486,130.131,57.70399303861063
1389,2,8249.427576938486,130.01,998.1807368096337
1390,2,8255.427576938486,130.009,8.255427576977905
1391,2,8261.427576938486,129.925,693.9599164626243
1393,2,8273.427576938486,129.838,719.7881991937932
1394,2,8279.427576938486,129.787,422.2508064237611
1396,2,8291.427576938486,129.706,671.6056337321606
1397,2,8297.427576938486,129.659,389.9790961160843
1399,2,8309.427576938486,129.576,689.6824888858811
1400,2,8315.427576938486,129.569,58.207993038610994
1401,2,8321.427576938486,129.559,83.21427576930917
1402,2,8327.427576938486,129.454,874.3798955784558
1403,2,8333.427576938486,129.339,958.3441713480016
1404,2,8339.427576938486,129.337,16.67885515395661
1405,2,8345.427576938486,129.313,200.29026184653125
1406,2,8351.427576938486,129.213,835.1427576938011
1408,2,8363.427576938486,129.19,192.35883426955286
1409,2,8369.427576938486,129.081,912.2676058863692
1410,2,8375.427576938486,129.039,351.76795823142976
1412,2,8388.427576938486,129.016,192.93383426955276
1413,2,8394.427576938486,128.905,931.781461040088
1414,2,8400.427576938486,128.831,621.631640693551
1416,2,8412.427576938486,128.759,605.6947855395939
1417,2,8418.427576938486,128.744,126.27641365396244
1418,2,8424.427576938486,128.682,522.3145097702858
1419,2,8430.427576938486,128.659,193.8998342695526
1420,2,8436.427576938486,128.63,244.6563997311854
1421,2,8442.427576938486,128.569,514.9880821933072
1422,2,8448.427576938486,128.565,33.793710307675184
1423,2,8454.427576938486,128.472,786.2617646551888
1425,2,8466.427576938486,128.401,601.1163579626152
1426,2,8472.427576938486,128.352,415.14895127004166
1427,2,8478.427576938486,128.35,16.95685515395794
1428,2,8484.427576938486,128.26,763.5984819244926
1430,2,8496.427576938486,128.185,637.2320682702898
1432,2,8508.427576938486,128.131,459.45508915469566
1433,2,8514.427576938486,128.047,715.2119164628599
1436,2,8532.427576938486,127.978,588.7375028087778
1438,2,8544.427576938486,127.927,435.76580642375785
1439,2,8551.427576938486,127.89,316.4028203467765
1441,2,8563.427576938486,127.793,830.6524749629834
1443,2,8575.427576938486,127.788,42.877137884775294
1444,2,8581.427576938486,127.694,806.6541922321669
1446,2,8593.427576938486,127.67,206.24226184653148
1447,2,8599.427576938486,127.565,902.9398955785753
1448,2,8605.427576938486,127.5,559.352792500982
1451,2,8623.427576938486,127.434,569.1462200779616
1452,2,8629.427576938486,127.427,60.40599303848994
1453,2,8635.427576938486,127.408,164.07312396187837
1454,2,8641.427576938486,127.323,734.5213440398401
1456,2,8653.427576938486,127.278,389.40424096212365
1457,2,8659.427576938486,127.199,684.0947785782073
1459,2,8671.427576938486,127.137,537.6285097701655
1460,2,8677.427576938486,127.084,459.9036615777161
1462,2,8689.427576938486,127.017,582.1916476549418
1463,2,8695.427576938486,126.983,295.64453761583735
1465,2,8707.427576938486,126.914,600.8125028087783
1466,2,8714.427576938486,126.864,435.72137884689954
1469,2,8732.427576938486,126.791,637.467213116575
1470,2,8738.427576938486,126.752,340.79867550061385
1472,2,8750.427576938486,126.675,673.7829234242475
1473,2,8756.427576938486,126.59,744.2963440397166
1474,2,8762.427576938486,126.514,665.9444958473916
1475,2,8768.427576938486,126.389,1096.0534471173107
1476,2,8774.427576938486,126.295,824.7961922321658
1478,2,8786.427576938486,126.264,272.37925488514503
1479,2,8792.427576938486,126.155,958.374605886248
1480,2,8798.427576938486,126.031,1091.0050195403303
1481,2,8804.427576938486,125.896,1188.5977228867407
1482,2,8810.427576938486,125.755,1242.2702883483735
1483,2,8816.427576938486,125.604,1331.2805641176783
1484,2,8822.427576938486,125.438,1464.5229777717605
1485,2,8828.427576938486,125.291,1297.7788538100067
1486,2,8834.427576938486,125.095,1731.5478050799252
1487,2,8840.427576938486,124.955,1237.6598607713931
1488,2,8846.427576938486,124.852,911.1820404246148
1489,2,8852.427576938486,124.767,752.4563440398417
1490,2,8858.427576938486,124.686,717.5326337319186
1491,2,8864.427576938486,124.591,842.1206198092721
1492,2,8870.427576938486,124.483,958.0061783092667
1493,2,8876.427576938486,124.368,1020.7891713480066
1494,2,8882.427576938486,124.232,1208.0101504635957
1495,2,8888.427576938486,124.07,1439.9252674640893
1496,2,8894.427576938486,123.919,1343.058564117678
1497,2,8900.427576938486,123.766,1361.7654192715133
1498,2,8907.427576938486,123.622,1282.6695710791905
1499,2,8913.427576938486,123.478,1283.5335710791906
1500,2,8919.427576938486,123.343,1204.1227228866144
1501,2,8925.427576938486,123.196,1312.0378538100072
1502,2,8931.427576938486,123.051,1295.056998656045
1503,2,8937.427576938486,122.906,1295.9269986560448
1504,2,8943.427576938486,122.784,1091.0981643864943
1505,2,8949.427576938486,122.668,1038.1335989248612
1506,2,8955.427576938486,122.535,1191.0718677329062
1507,2,8961.427576938486,122.384,1353.1755641176778
1508,2,8967.427576938486,122.218,1488.5929777717602
1509,2,8973.427576938486,122.055,1462.6686950409437
1510,2,8979.427576938486,121.897,1418.749557156292
1511,2,8985.427576938486,121.743,1383.7558468486218
1512,2,8991.427576938486,121.601,1276.782715925228
1513,2,8997.427576938486,121.451,1349.6141365408241
1514,2,9003.427576938486,121.304,1323.5038538098797
1515,2,9009.427576938486,121.178,1135.1878746942923
1516,2,9015.427576938486,121.063,1036.7741713478797
1517,2,9021.427576938486,120.941,1100.6141643864942
1518,2,9027.427576938486,120.827,1029.1267437710264
1519,2,9033.427576938486,120.661,1499.5489777717598
1520,2,9039.427576938486,120.518,1292.6381435022097
1521,2,9045.427576938486,120.429,805.0430543475129
1523,2,9057.427576938486,120.344,769.8813440398434
1524,2,9063.427576938486,120.271,661.6302131164487
1525,2,9069.427576938486,120.201,634.859930385761
1526,2,9075.427576938486,120.114,789.5621991935492
1527,2,9081.427576938486,119.971,1298.6441435022098
1528,2,9087.427576938486,119.826,1317.6769986561735
1529,2,9093.427576938486,119.698,1163.9587298481272
1530,2,9099.427576938486,119.567,1192.0250125789437
1531,2,9105.427576938486,119.446,1101.7567368095122
1532,2,9111.427576938486,119.336,1002.2570334632283
1533,2,9117.427576938486,119.219,1066.7390265018432
1534,2,9123.427576938486,119.087,1204.2924401557962
1535,2,9129.427576938486,118.952,1232.4727228867423
1536,2,9135.427576938486,118.815,1251.5535780405767
1537,2,9141.427576938486,118.669,1334.6484262330262
1538,2,9148.427576938486,118.517,1390.5609916946592
1539,2,9154.427576938486,118.339,1629.4881086950254
1540,2,9160.427576938486,118.187,1392.3849916946592
1541,2,9166.427576938486,118.026,1475.7948398871088
1542,2,9172.427576938486,117.857,1550.140260502576
1543,2,9178.427576938486,117.684,1587.8679708103748
1544,2,9184.427576938486,117.516,1542.9838329255936
1545,2,9190.427576938486,117.342,1599.1343983873571
1546,2,9196.427576938486,117.173,1554.1962605025758
1547,2,9202.427576938486,117.005,1546.0078329257242
1548,2,9208.427576938486,116.844,1482.5568398871087
1549,2,9214.427576938486,116.721,1133.3745919633457
1551,2,9226.427576938486,116.701,184.52855153886412
1552,2,9232.427576938486,116.606,877.0806198091457
1554,2,9244.427576938486,116.53,702.5764958472639
1555,2,9250.427576938486,116.499,286.7632548851478
1556,2,9256.427576938486,116.471,259.17997215419973
1557,2,9262.427576938486,116.405,611.3202200779632
1559,2,9274.427576938486,116.312,862.5217646553118
1560,2,9280.427576938486,116.292,185.6085515387328
1562,2,9292.427576938486,116.238,501.79108915469726
1563,2,9298.427576938486,116.224,130.1779860770997
1564,2,9304.427576938486,116.219,46.52213788478234
1565,2,9310.427576938486,116.117,949.6636128476292
1567,2,9322.427576938486,116.081,335.6073927697982
1568,2,9328.427576938486,115.993,820.901626770662
1570,2,9341.427576938486,115.91,775.3384888858794
1571,2,9347.427576938486,115.883,252.38054457734867
1572,2,9353.427576938486,115.824,551.8522270393472
1573,2,9359.427576938486,115.698,1179.2878746942938
1574,2,9365.427576938486,115.609,833.5230543475125
1575,2,9371.427576938486,115.47,1302.62843319441
1576,2,9377.427576938486,115.339,1228.4430125789438
1577,2,9383.427576938486,115.216,1154.1615919634776
1578,2,9389.427576938486,115.087,1211.2361574249771
1579,2,9395.427576938486,114.956,1230.8010125789438
1580,2,9401.427576938486,114.804,1429.0169916946595
1581,2,9407.427576938486,114.638,1561.6329777717588
1582,2,9413.427576938486,114.469,1590.869260502709
1583,2,9419.427576938486,114.31,1497.6889847331422
1584,2,9425.427576938486,114.143,1574.0464053487422
1585,2,9431.427576938486,113.991,1433.5769916946595
1586,2,9437.427576938486,113.841,1415.6141365408266
1587,2,9443.427576938486,113.697,1359.8535710790593
1588,2,9449.427576938486,113.555,1341.8187159252263
1589,2,9455.427576938486,113.425,1229.2055850020945
1590,2,9461.427576938486,113.295,1229.98558500196
1591,2,9467.427576938486,113.157,1306.5050056175605
1592,2,9473.427576938486,113.021,1288.3861504635931
1593,2,9479.427576938486,112.878,1355.55814350221
1594,2,9485.427576938486,112.75,1214.1347298481273
1595,2,9491.427576938486,112.665,806.771344039712
1596,2,9497.427576938486,112.604,579.3430821933146
1597,2,9503.427576938486,112.546,551.198799462363
1598,2,9509.427576938486,112.466,760.7542061551978
1599,2,9515.427576938486,112.356,1046.697033463228
1600,2,9521.427576938486,112.225,1247.3070125789438
1601,2,9527.427576938486,112.103,1162.3461643864941
1602,2,9533.427576938486,112.013,858.0084819243608
1603,2,9540.427576938486,111.929,801.3959164628632
1604,2,9546.427576938486,111.854,715.9820682704136
1605,2,9552.427576938486,111.756,936.1379025399618
1606,2,9558.427576938486,111.72,344.1033927697985
1609,2,9576.427576938486,111.645,718.2320682704136
1611,2,9588.427576938486,111.541,997.1964680015949
1612,2,9594.427576938486,111.528,124.72755850011414
1613,2,9600.427576938486,111.429,950.4423301169461
1614,2,9606.427576938486,111.403,249.76711700036458
1615,2,9612.427576938486,111.363,384.49710307759955
1616,2,9618.427576938486,111.253,1058.027033463228
1617,2,9624.427576938486,111.209,423.4748133852638
1619,2,9636.427576938486,111.123,828.7327716166956
1620,2,9642.427576938486,111.044,761.751778578215
1621,2,9648.427576938486,111.028,154.3748412309302
1622,2,9654.427576938486,110.922,1023.369323155564
1623,2,9660.427576938486,110.791,1265.516012578944
1624,2,9666.427576938486,110.67,1169.6377368095095
1625,2,9672.427576938486,110.524,1412.1744262330267
1626,2,9678.427576938486,110.358,1606.6189777717577
1627,2,9684.427576938486,110.189,1636.668260502712
1628,2,9690.427576938486,110.019,1647.3726880794213
1629,2,9696.427576938486,109.865,1493.2498468486294
1630,2,9702.427576938486,109.708,1523.281129579308
1631,2,9708.427576938486,109.55,1533.931557156293
1632,2,9714.427576938486,109.388,1573.7372674639562
1633,2,9720.427576938486,109.219,1642.7522605027125
1634,2,9726.427576938486,109.068,1468.690564117675
1635,2,9733.427576938486,108.992,739.7404958472607
1637,2,9745.427576938486,108.906,838.1067716166954
1638,2,9751.427576938486,108.807,965.3913301169467
1641,2,9769.427576938486,108.71,947.6344749631153
1642,2,9775.427576938486,108.699,107.52970334628111
1645,2,9793.427576938486,108.599,979.3427576937929
1646,2,9799.427576938486,108.557,411.575958231432
1649,2,9817.427576938486,108.494,618.4979373471481
1650,2,9823.427576938486,108.39,1021.6364680015947
1651,2,9829.427576938486,108.375,147.44141365408288
1652,2,9835.427576938486,108.371,39.341710307802025
1653,2,9841.427576938486,108.27,993.9841852707781
1654,2,9847.427576938486,108.228,413.5919582314321
1656,2,9859.427576938486,108.215,128.17255850011176
1657,2,9865.427576938486,108.103,1104.927888617199
1658,2,9871.427576938486,108.082,207.29997911571607
1660,2,9883.427576938486,107.991,899.3919095013426
1661,2,9889.427576938486,107.904,860.3801991936808
1664,2,9907.427576938486,107.797,1060.0947507324113
1665,2,9913.427576938486,107.72,763.3339234242454
1667,2,9926.427576938486,107.652,674.9970752317956
1668,2,9932.427576938486,107.521,1301.148012578944
1669,2,9938.427576938486,107.427,934.2121922321589
1670,2,9944.427576938486,107.397,298.33282730816586
1671,2,9950.427576938486,107.287,1094.5470334632278
1672,2,9956.427576938486,107.166,1204.7277368096495
1673,2,9962.427576938486,107.105,607.7080821931763
1674,2,9968.427576938486,107.058,468.5160961160794
1675,2,9974.427576938486,106.945,1127.110316194186
1676,2,9980.427576938486,106.822,1227.5925919633385
1677,2,9986.427576938486,106.814,79.89142061560553
1678,2,9992.427576938486,106.768,459.6516685390931
1679,2,9998.427576938486,106.683,849.8663440397088
1681,2,10010.427576938486,106.666,170.17726880805554
1682,2,10016.427576938486,106.6,661.0842200779651
1683,2,10022.427576938486,106.597,30.067282730816597
1684,2,10028.427576938486,106.554,431.2223858082762
1685,2,10034.427576938486,106.458,963.3050473861312
1687,2,10046.427576938486,106.357,1014.6891852707779
1688,2,10052.427576938486,106.303,542.8310891546988
1690,2,10064.427576938486,106.189,1147.3447437710308
1691,2,10070.427576938486,106.067,1228.5921643864942
1692,2,10076.427576938486,105.972,957.2606198091447
1693,2,10082.427576938486,105.902,705.7699303856252
1694,2,10089.427576938486,105.833,696.1705028087819
1695,2,10095.427576938486,105.74,938.8747646553147
1696,2,10101.427576938486,105.725,151.52141365408303
1697,2,10107.427576938486,105.699,262.7931170003627
1698,2,10113.427576938486,105.571,1294.5187298481274
1699,2,10119.427576938486,105.508,637.5239373471487
1700,2,10125.427576938486,105.491,172.13226880791282
1703,2,10143.427576938486,105.394,983.9124749629743
1704,2,10149.427576938486,105.292,1035.2416128477648
1705,2,10155.427576938486,105.287,50.777137884646244
1708,2,10173.427576938486,105.209,793.527351001232
1709,2,10179.427576938486,105.15,600.5862270393452
1713,2,10203.427576938486,105.071,806.0707785782192
1714,2,10209.427576938486,104.999,735.0787855395988
1715,2,10215.427576938486,104.891,1103.266178309253
1716,2,10221.427576938486,104.766,1277.6784471173107
1717,2,10227.427576938486,104.652,1165.9267437710316
1718,2,10233.427576938486,104.507,1483.8469986560397
1719,2,10239.427576938486,104.361,1494.956426233027
1720,2,10245.427576938486,104.197,1680.2501226179268
1721,2,10251.427576938486,104.027,1742.7426880795601
1722,2,10257.427576938486,103.851,1805.3072535411934
1723,2,10263.427576938486,103.697,1580.5678468484896
1724,2,10269.427576938486,103.564,1365.833867732919
1725,2,10275.427576938486,103.442,1253.602164386494
1726,2,10281.427576938486,103.323,1223.4898816556774
1727,2,10287.427576938486,103.196,1306.5033022711398
1728,2,10294.427576938486,103.031,1698.5805501947682
1729,2,10300.427576938486,102.889,1462.6607159253692
1730,2,10306.427576938486,102.758,1350.1420125789439
1731,2,10312.427576938486,102.637,1247.8037368095063
1732,2,10318.427576938486,102.513,1279.485019540323
1733,2,10324.427576938486,102.377,1404.1221504637363
1734,2,10330.427576938486,102.232,1497.9119986560393
1735,2,10336.427576938486,102.088,1488.4455710791983
1736,2,10342.427576938486,101.951,1416.9125780405773
1737,2,10348.427576938486,101.811,1448.7798607712468
1738,2,10354.427576938486,101.672,1439.2654331945532
1739,2,10360.427576938486,101.541,1357.216012578944
1740,2,10366.427576938486,101.422,1233.6048816556774
1741,2,10372.427576938486,101.309,1172.0843161940443
1742,2,10378.427576938486,101.205,1079.3564680015943
1743,2,10384.427576938486,101.105,1038.4427576937896
1744,2,10390.427576938486,100.993,1163.7278886172037
1745,2,10396.427576938486,100.877,1205.9855989248608
1746,2,10402.427576938486,100.76,1217.0840265017011
1747,2,10408.427576938486,100.672,915.9416267706707
1748,2,10414.427576938486,100.604,708.1810752317946
1749,2,10420.427576938486,100.545,614.8052270393446
1750,2,10426.427576938486,100.496,510.89495127005455
1751,2,10432.427576938486,100.447,511.18895126990634
1752,2,10438.427576938486,100.402,469.72924096224966
1753,2,10444.427576938486,100.34,647.5545097701612
1754,2,10450.427576938486,100.291,512.0709512700547
1755,2,10456.427576938486,100.25,428.71353065444464
1756,2,10462.427576938486,100.194,585.8959443085279
1757,2,10468.427576938486,100.081,1182.9323161940442
1758,2,10474.427576938486,100.074,73.3209930386218
1760,2,10486.427576938486,100.044,314.5928273081665
1761,2,10492.427576938486,99.978,692.5002200779663
1763,2,10504.427576938486,99.96,189.0796963848999
1765,2,10517.427576938486,99.902,610.0107994623556
1767,2,10529.427576938486,99.831,747.589357962611
1769,2,10541.427576938486,99.775,590.3199443085276
1770,2,10547.427576938486,99.709,696.1302200779664
1772,2,10559.427576938486,99.647,654.684509770161
1773,2,10565.427576938486,99.631,169.04684123107222
1774,2,10571.427576938486,99.625,63.42856546163332
1775,2,10577.427576938486,99.515,1163.5170334632273
1776,2,10583.427576938486,99.499,169.33484123107232
1779,2,10601.427576938486,99.406,985.9327646551659
1780,2,10607.427576938486,99.362,466.72681338541156
1783,2,10625.427576938486,99.351,116.87970334627744
1784,2,10631.427576938486,99.323,297.6799721543392
1786,2,10643.427576938486,99.282,436.38053065444404
1787,2,10649.427576938486,99.233,521.8219512699047
1789,2,10661.427576938486,99.204,309.18139973132884
1790,2,10667.427576938486,99.104,1066.742757693788
1792,2,10679.427576938486,99.103,10.679427576989479
1793,2,10685.427576938486,98.983,1282.251309232515
1794,2,10691.427576938486,98.921,662.8685097701606
1796,2,10704.427576938486,98.882,417.4726755006168
1797,2,10710.427576938486,98.761,1295.9617368096567
1798,2,10716.427576938486,98.657,1114.5084680015939
1799,2,10722.427576938486,98.569,943.573626770521
1800,2,10728.427576938486,98.449,1287.411309232667
1801,2,10734.427576938486,98.299,1610.1641365406813
1802,2,10740.427576938486,98.137,1739.9492674641006
1803,2,10746.427576938486,97.984,1644.2034192716505
1804,2,10752.427576938486,97.838,1569.8544262330274
1805,2,10758.427576938486,97.69,1592.2472813868544
1806,2,10764.427576938486,97.539,1625.428564117671
1807,2,10770.427576938486,97.382,1690.9571295793044
1808,2,10776.427576938486,97.244,1487.1470056175674
1809,2,10782.427576938486,97.121,1326.238591963484
1810,2,10788.427576938486,96.978,1542.7451435022108
1811,2,10794.427576938486,96.819,1716.3139847331308
1812,2,10800.427576938486,96.654,1782.0705501949176
1813,2,10806.427576938486,96.491,1761.4476950409376
1814,2,10812.427576938486,96.33,1740.800839887111
1815,2,10818.427576938486,96.176,1666.0378468484876
1816,2,10824.427576938486,96.024,1645.312991694661
1817,2,10830.427576938486,95.876,1602.9032813868541
1818,2,10836.427576938486,95.754,1322.044164386494
1819,2,10842.427576938486,95.638,1257.7215989248607
1820,2,10848.427576938486,95.515,1334.3565919634843
1821,2,10854.427576938486,95.394,1313.3857368095037
1822,2,10860.427576938486,95.256,1498.7390056175677
1823,2,10866.427576938486,95.113,1553.8991435022108
1824,2,10873.427576938486,94.978,1467.9127228867512
1825,2,10879.427576938486,94.818,1740.7084123101206
1826,2,10885.427576938486,94.699,1295.3658816556774
1827,2,10891.427576938486,94.602,1056.46847496297
1828,2,10897.427576938486,94.502,1089.7427576939415
1829,2,10903.427576938486,94.404,1068.5359025399605
1830,2,10909.427576938486,94.3,1134.5804680015938
1831,2,10915.427576938486,94.176,1353.51301954032
1832,2,10921.427576938486,94.042,1463.4712953097608
1833,2,10927.427576938486,93.911,1431.4930125789442
1834,2,10933.427576938486,93.772,1519.7464331944036
1835,2,10939.427576938486,93.619,1673.7324192716517
1836,2,10945.427576938486,93.457,1773.159267464102
1837,2,10951.427576938486,93.287,1861.7426880794055
1838,2,10957.427576938486,93.126,1764.1458398871112
1839,2,10963.427576938486,92.955,1874.746115656552
1840,2,10969.427576938486,92.801,1689.291846848487
1841,2,10975.427576938486,92.695,1163.3953231555756
1842,2,10981.427576938486,92.679,175.70284123091838
1844,2,10993.427576938486,92.622,626.6253718855174
1845,2,10999.427576938486,92.511,1220.936461040218
1846,2,11005.427576938486,92.435,836.4124958472523
1849,2,11023.427576938486,92.363,793.686785539601
1850,2,11029.427576938486,92.272,1003.6779095013358
1853,2,11047.427576938486,92.257,165.71141365408357
1854,2,11053.427576938486,92.146,1226.9304610402185
1855,2,11059.427576938486,92.059,962.1701991936848
1856,2,11065.427576938486,92.055,44.26171030765079
1857,2,11071.427576938486,92.038,188.2142688080663
1858,2,11077.427576938486,91.936,1129.8976128476108
1859,2,11084.427576938486,91.845,1008.682909501493
1864,2,11114.427576938486,91.797,533.4925236930675
1865,2,11120.427576938486,91.772,278.01068942336735
1866,2,11126.427576938486,91.746,289.287117000517
1867,2,11132.427576938486,91.625,1347.0237368095025
1868,2,11138.427576938486,91.598,300.7375445773505
1870,2,11150.427576938486,91.521,858.5829234242432
1871,2,11156.427576938486,91.396,1394.5534471173107
1872,2,11162.427576938486,91.276,1339.491309232669
1873,2,11168.427576938486,91.141,1507.737722886594
1874,2,11174.427576938486,91.001,1564.4198607713943
1875,2,11180.427576938486,90.866,1509.3577228867528
1876,2,11186.427576938486,90.719,1644.4048538100196
1877,2,11192.427576938486,90.554,1846.750550194761
1878,2,11198.427576938486,90.389,1847.7405501949202
1879,2,11204.427576938486,90.225,1837.5261226179282
1880,2,11210.427576938486,90.075,1681.5641365406773
1881,2,11216.427576938486,89.935,1570.2998607713944
1882,2,11222.427576938486,89.814,1357.9137368096615
1883,2,11228.427576938486,89.687,1426.0103022711353
1884,2,11234.427576938486,89.544,1606.523143502211
1885,2,11240.427576938486,89.406,1551.17900561741
1886,2,11246.427576938486,89.263,1608.2391435022112
1887,2,11252.427576938486,89.108,1744.1262744254782
1888,2,11258.427576938486,88.951,1767.5731295794626
1889,2,11264.427576938486,88.812,1565.755433194402
1890,2,11270.427576938486,88.694,1329.910454078685
1891,2,11276.427576938486,88.607,981.0491991936855
1892,2,11283.427576938486,88.525,925.241061308884
1893,2,11289.427576938486,88.426,1117.6533301169525
1894,2,11295.427576938486,88.367,666.4302270393424
1895,2,11301.427576938486,88.291,858.908495847411
1896,2,11307.427576938486,88.167,1402.1210195403182
1897,2,11313.427576938486,88.079,995.5816267706781
1898,2,11319.427576938486,87.996,939.5124888858763
1899,2,11325.427576938486,87.868,1449.6547298481275
1900,2,11331.427576938486,87.743,1416.4284471173107
1901,2,11337.427576938486,87.654,1009.0310543475098
1902,2,11343.427576938486,87.646,90.74742061545759
1905,2,11361.427576938486,87.522,1408.817019540318
1906,2,11367.427576938486,87.385,1557.3375780405777
1907,2,11373.427576938486,87.257,1455.7987298481276
1908,2,11379.427576938486,87.125,1502.084440155937
1909,2,11385.427576938486,86.981,1639.501571079204
1910,2,11391.427576938486,86.827,1754.2798468484855
1911,2,11397.427576938486,86.686,1607.0372883482255
1912,2,11403.427576938486,86.555,1493.8490125789442
1913,2,11409.427576938486,86.423,1506.0444401559373
1914,2,11415.427576938486,86.288,1541.082722886754
1915,2,11421.427576938486,86.156,1507.628440155775
1916,2,11427.427576938486,86.04,1325.5815989248604
1917,2,11433.427576938486,85.935,1200.5098955785866
1918,2,11439.427576938486,85.826,1246.8976058863964
1919,2,11445.427576938486,85.699,1453.5693022711343
1920,2,11451.427576938486,85.562,1568.8455780405777
1921,2,11457.427576938486,85.426,1558.2101504635846
1922,2,11463.427576938486,85.3,1444.3918746943039
1923,2,11469.427576938486,85.185,1318.9841713478672
1924,2,11475.427576938486,85.077,1239.3461783094035
1925,2,11482.427576938486,84.958,1366.4088816556773
1926,2,11488.427576938486,84.802,1792.1947020023085
1927,2,11494.427576938486,84.652,1724.1641365408382
1928,2,11500.427576938486,84.512,1610.0598607713946
1929,2,11506.427576938486,84.375,1576.3805780405778
1930,2,11512.427576938486,84.224,1738.376564117668
1931,2,11518.427576938486,84.069,1785.3562744254784
1932,2,11524.427576938486,83.913,1797.810702002472
1933,2,11530.427576938486,83.752,1856.398839887112
1934,2,11536.427576938486,83.577,2018.8748259642023
1935,2,11542.427576938486,83.398,2066.0945362720126
1936,2,11548.427576938486,83.219,2067.1685362720127
1937,2,11554.427576938486,83.052,1929.5894053485813
1938,2,11560.427576938486,82.886,1919.030977771916
1939,2,11566.427576938486,82.714,1989.4255432333853
1940,2,11572.427576938486,82.545,1955.7402605025686
1941,2,11578.427576938486,82.37,2026.2248259642022
1942,2,11584.427576938486,82.195,2027.2748259643668
1943,2,11590.427576938486,82.023,1993.5535432333852
1944,2,11596.427576938486,81.848,2029.374825964202
1945,2,11602.427576938486,81.679,1960.8102605025686
1946,2,11608.427576938486,81.507,1996.6495432333852
1947,2,11614.427576938486,81.341,1927.9949777719166
1948,2,11620.427576938486,81.176,1917.3705501947577
1949,2,11626.427576938486,81.02,1813.7227020024725
1950,2,11632.427576938486,80.869,1756.4965641176677
1951,2,11638.427576938486,80.718,1757.4025641176677
1952,2,11644.427576938486,80.575,1665.1531435022114
1953,2,11650.427576938486,80.434,1642.7102883483888
1954,2,11656.427576938486,80.291,1666.8691435022115
1955,2,11662.427576938486,80.14,1761.0265641176677
1956,2,11669.427576938486,79.992,1727.0752813868507
1957,2,11675.427576938486,79.846,1704.6124262330281
1958,2,11681.427576938486,79.676,1985.8426880795625
1959,2,11687.427576938486,79.515,1881.6758398871123
1960,2,11693.427576938486,79.359,1824.174702002473
1961,2,11699.427576938486,79.205,1801.7118468484844
1962,2,11705.427576938486,79.052,1790.9304192714899
1963,2,11711.427576938486,78.903,1745.002708963845
1964,2,11717.427576938486,78.771,1546.7004401559388
1965,2,11723.427576938486,78.636,1582.6627228867555
1966,2,11729.427576938486,78.508,1501.3667298481275
1967,2,11735.427576938486,78.427,950.5696337318866
1968,2,11741.427576938486,78.384,504.8813858084296
1971,2,11759.427576938486,78.288,1128.9050473861373
1972,2,11765.427576938486,78.232,658.8639443085244
1978,2,11801.427576938486,78.194,448.45424792362354
1980,2,11813.427576938486,78.124,826.9399303857813
1981,2,11819.427576938486,78.116,94.55542061545547
1982,2,11825.427576938486,78.056,709.525654616336
1983,2,11831.427576938486,78.02,425.9313927698016
1984,2,11837.427576938486,78.001,224.9111239617276
1985,2,11843.427576938486,77.926,888.2570682704201
1987,2,11855.427576938486,77.844,972.1450613090489
1989,2,11867.427576938486,77.813,367.8902548849946
1990,2,11874.427576938486,77.758,653.0935167316977
1992,2,11886.427576938486,77.667,1081.6649095013306
1994,2,11898.427576938486,77.606,725.8040821933315
1995,2,11904.427576938486,77.537,821.4055028086175
1997,2,11916.427576938486,77.456,965.2306337320539
1998,2,11922.427576938486,77.409,560.3540961160736
2000,2,11934.427576938486,77.329,954.7542061552281
2001,2,11940.427576938486,77.315,167.16598607708858
2002,2,11946.427576938486,77.313,23.892855153821287
2003,2,11952.427576938486,77.211,1219.1476128477718
2005,2,11964.427576938486,77.197,167.50198607708847
2006,2,11970.427576938486,77.096,1209.0131852707761
2010,2,11994.427576938486,77.066,359.8328273081682
2012,2,12006.427576938486,77.034,384.2056824619892
2013,2,12012.427576938486,77.009,300.31068942353045
2015,2,12024.427576938486,76.935,889.8076406934247
2016,2,12030.427576938486,76.911,288.7302618465346
2018,2,12042.427576938486,76.861,602.12137884689
2020,2,12055.427576938486,76.844,204.94226880807625
2021,2,12061.427576938486,76.763,976.975633731883
2023,2,12073.427576938486,76.694,833.066502808787
2024,2,12079.427576938486,76.671,277.8268342695385
2025,2,12085.427576938486,76.658,157.11055850026352
2026,2,12091.427576938486,76.562,1160.7770473861385
2027,2,12097.427576938486,76.488,895.2096406934246
2029,2,12109.427576938486,76.467,254.29797911571785
2030,2,12115.427576938486,76.38,1054.0421991936882
2032,2,12127.427576938486,76.329,618.4988064238862
2033,2,12133.427576938486,76.293,436.8033927696296
2034,2,12139.427576938486,76.278,182.0914136540842
2035,2,12145.427576938486,76.185,1129.524764655322
2037,2,12157.427576938486,76.148,449.8248203467986
2038,2,12163.427576938486,76.059,1082.5450543475085
2040,2,12175.427576938486,75.964,1156.6656198091423
2041,2,12181.427576938486,75.915,596.889951269893
2044,2,12199.427576938486,75.829,1049.150771616865
2045,2,12205.427576938486,75.816,158.6705585000907
2046,2,12211.427576938486,75.793,280.862834269538
2047,2,12218.427576938486,75.692,1234.0611852709496
2048,2,12224.427576938486,75.684,97.79542061545368
2049,2,12230.427576938486,75.676,97.84342061545365
2050,2,12236.427576938486,75.573,1260.3520404247697
2051,2,12242.427576938486,75.548,306.06068942335776
2053,2,12254.427576938486,75.503,551.4492409622527
2054,2,12260.427576938486,75.401,1250.563612847773
2055,2,12266.427576938486,75.284,1435.172026501683
2056,2,12272.427576938486,75.254,368.1728273081685
2057,2,12278.427576938486,75.25,49.11371030781397
2058,2,12284.427576938486,75.137,1388.1403161940434
2059,2,12290.427576938486,75.022,1413.399171347863
2060,2,12296.427576938486,74.909,1389.4963161940434
2061,2,12302.427576938486,74.779,1599.3155850021221
2062,2,12308.427576938486,74.639,1723.179860771395
2063,2,12314.427576938486,74.501,1699.3910056174004
2064,2,12320.427576938486,74.389,1379.887888617221
2065,2,12326.427576938486,74.298,1121.7049095013278
2066,2,12332.427576938486,74.201,1196.245474963137
2067,2,12338.427576938486,74.102,1221.5043301167811
2068,2,12345.427576938486,74.029,901.2162131166021
2069,3,12351.427576938486,74.004,308.7856894233568
2072,3,12358.427576938486,73.969,432.5449651929805
2073,3,12364.427576938486,73.89,976.7897785780602
2074,3,12370.427576938486,73.782,1336.006178309407
2075,3,12376.427576938486,73.651,1621.3120125789444
2076,3,12382.427576938486,73.497,1906.8938468484819
2077,3,12388.427576938486,73.329,2081.2558329257445
2078,3,12394.427576938486,73.167,2007.8972674639347
2079,3,12400.427576938486,73.019,1835.263281386848
2080,3,12406.427576938486,72.858,1997.4348398871132
2081,3,12412.427576938486,72.703,1923.9262744254795
2082,3,12418.427576938486,72.556,1825.5088538100265
2083,3,12424.427576938486,72.392,2037.60612261793
2084,3,12430.427576938486,72.225,2075.8814053487467
2085,3,12436.427576938486,72.058,2076.8834053485702
2086,3,12443.427576938486,71.882,2190.0432535411974
2087,3,12449.427576938486,71.736,1817.6164262330287
2088,3,12455.427576938486,71.625,1382.5524610402242
2090,3,12467.427576938486,71.561,797.9153649239752
2091,3,12473.427576938486,71.544,212.04826880808048
2092,3,12479.427576938486,71.502,524.1359582314362
2093,3,12485.427576938486,71.437,811.5527925009732
2096,3,12503.427576938486,71.359,975.2673510012388
2097,3,12509.427576938486,71.293,825.6222200777936
2099,3,12521.427576938486,71.227,826.4142200779714
2100,3,12527.427576938486,71.192,438.4599651929823
2102,3,12539.427576938486,71.165,338.56454457717376
2103,3,12545.427576938486,71.074,1141.6339095015048
2104,3,12551.427576938486,71.061,163.16855850008758
2105,3,12557.427576938486,71.048,163.246558500266
2106,3,12563.427576938486,70.972,954.8204958474206
2108,3,12575.427576938486,70.918,679.0730891545253
2109,3,12581.427576938486,70.849,868.1185028087884
2111,3,12593.427576938486,70.81,491.14367550061957
2112,3,12599.427576938486,70.749,768.5650821933365
2114,3,12611.427576938486,70.69,744.0742270393391
2115,3,12617.427576938486,70.668,277.58340669253766
2116,3,12623.427576938486,70.658,126.23427576944944
2117,3,12630.427576938486,70.572,1086.2167716166912
2120,3,12648.427576938486,70.503,872.7415028087886
2122,3,12660.427576938486,70.482,265.8689791157183
2123,3,12666.427576938486,70.416,835.9842200779717
2125,3,12678.427576938486,70.415,12.678427576818851
2126,3,12684.427576938486,70.323,1166.9673370785051
2127,3,12690.427576938486,70.246,977.1629234242404
2128,3,12696.427576938486,70.183,799.8749373469744
2129,3,12702.427576938486,70.129,685.9310891547042
2130,3,12708.427576938486,70.045,1067.5079164628733
2131,3,12714.427576938486,69.936,1385.8726058862271
2132,3,12720.427576938486,69.814,1551.8921643866745
2133,3,12726.427576938486,69.682,1679.888440155763
2134,3,12732.427576938486,69.582,1273.2427576939572
2135,3,12738.427576938486,69.468,1452.1807437708615
2136,3,12744.427576938486,69.337,1669.5200125789445
2137,3,12750.427576938486,69.205,1683.0564401559438
2138,3,12756.427576938486,69.067,1760.3870056175776
2139,3,12762.427576938486,68.916,1927.1265641176635
2140,3,12768.427576938486,68.754,2068.4852674639315
2141,3,12774.427576938486,68.624,1660.6755850021266
2142,3,12780.427576938486,68.495,1648.6751574249456
2143,3,12786.427576938486,68.342,1956.3234192716625
2144,3,12792.427576938486,68.193,1906.071708963846
2145,3,12798.427576938486,68.048,1855.7719986560296
2146,3,12804.427576938486,67.902,1869.4464262330291
2147,3,12810.427576938486,67.739,2088.099695040931
2148,3,12816.427576938486,67.58,2037.8119847332964
2149,3,12822.427576938486,67.441,1782.3174331943956
2150,3,12828.427576938486,67.316,1603.5534471173107
2151,3,12834.427576938486,67.19,1617.1378746943105
2152,3,12841.427576938486,67.046,1849.1655710790296
2153,3,12847.427576938486,66.929,1503.14902650186
2154,3,12853.427576938486,66.806,1580.9715919634937
2155,3,12859.427576938486,66.663,1838.8981435022122
2156,3,12865.427576938486,66.531,1698.2364401557616
2157,3,12871.427576938486,66.402,1660.4141574251275
2158,3,12877.427576938486,66.263,1789.9624331943953
2159,3,12883.427576938486,66.126,1765.0295780405784
2160,3,12889.427576938486,65.987,1791.6304331945785
2161,3,12895.427576938486,65.856,1689.3010125789447
2162,3,12901.427576938486,65.712,1857.805571079029
2163,3,12907.427576938486,65.553,2052.280984733297
2164,3,12913.427576938486,65.399,1988.66784684848
2165,3,12919.427576938486,65.247,1963.752991694663
2166,3,12925.427576938486,65.125,1576.9021643864937
2167,3,12931.427576938486,65.057,879.3370752317891
2170,3,12949.427576938486,65.004,686.3196615777044
2171,3,12955.427576938486,64.901,1334.4090404247759
2172,3,12961.427576938486,64.79,1438.7184610400423
2173,3,12967.427576938486,64.694,1244.8730473861417
2176,3,12985.427576938486,64.602,1194.6593370783244
2177,3,12991.427576938486,64.512,1169.228481924508
2178,3,12997.427576938486,64.5,155.96913092326773
2179,3,13003.427576938486,64.49,130.03427576945137
2180,3,13009.427576938486,64.393,1261.9144749629577
2181,3,13015.427576938486,64.319,963.1416406934228
2182,3,13021.427576938486,64.318,13.021427577000662
2185,3,13039.427576938486,64.304,182.55198607708394
2186,3,13045.427576938486,64.184,1565.4513092326777
2187,3,13051.427576938486,64.074,1435.657033463226
2188,3,13058.427576938486,64.055,248.1101239617169
2189,3,13064.427576938486,64.049,78.38656546163388
2190,3,13070.427576938486,63.959,1176.3384819245082
2191,3,13076.427576938486,63.855,1359.9484680016851
2192,3,13082.427576938486,63.795,784.945654616246
2195,3,13100.427576938486,63.719,995.6324958473316
2196,3,13106.427576938486,63.626,1218.8977646553253
2197,3,13112.427576938486,63.588,498.2722479236192
2200,3,13130.427576938486,63.533,722.173516731613
2201,3,13136.427576938486,63.436,1274.2334749630502
2202,3,13142.427576938486,63.432,52.569710307724804
2205,3,13160.427576938486,63.394,500.0962479237126
2206,3,13166.427576938486,63.293,1329.809185270775
2207,3,13172.427576938486,63.212,1066.9666337319643
2208,3,13178.427576938486,63.112,1317.8427576938673
2209,3,13184.427576938486,63.049,830.6189373471561
2210,3,13190.427576938486,62.969,1055.2342061550564
2211,3,13196.427576938486,62.846,1623.1605919634953
2212,3,13202.427576938486,62.702,1901.1495710791203
2213,3,13208.427576938486,62.556,1928.4304262330295
2214,3,13214.427576938486,62.445,1466.8014610401335
2215,3,13220.427576938486,62.336,1441.0266058863183
2216,3,13226.427576938486,62.217,1573.944881655677
2217,3,13232.427576938486,62.081,1799.610150463577
2218,3,13238.427576938486,61.935,1932.8104262330294
2219,3,13244.427576938486,61.792,1893.9531435022125
2220,3,13250.427576938486,61.64,2014.0649916946634
2221,3,13256.427576938486,61.486,2041.4898468485728
2222,3,13262.427576938486,61.338,1962.8392813868447
2223,3,13268.427576938486,61.183,2056.6062744254805
2224,3,13274.427576938486,61.02,2163.7316950409295
2225,3,13280.427576938486,60.856,2177.9901226179313
2226,3,13287.427576938486,60.751,1395.179895578594
2227,3,13293.427576938486,60.618,1768.0258677327597
2228,3,13299.427576938486,60.484,1782.1232953097617
2229,3,13305.427576938486,60.354,1729.7055850020372
2230,3,13311.427576938486,60.236,1570.7484540787693
2231,3,13317.427576938486,60.122,1518.1867437709502
2232,3,13323.427576938486,60.01,1492.2238886171353
2233,3,13329.427576938486,59.891,1586.2018816556767
2234,3,13335.427576938486,59.766,1666.9284471173107
2235,3,13341.427576938486,59.638,1707.7027298481278
2236,3,13347.427576938486,59.508,1735.1655850019424
2237,3,13353.427576938486,59.372,1816.0661504636712
2238,3,13359.427576938486,59.227,1937.1169986561222
2239,3,13365.427576938486,59.089,1844.429005617486
2240,3,13371.427576938486,58.969,1604.571309232584
2241,3,13377.427576938486,58.854,1538.4041713479526
2242,3,13383.427576938486,58.725,1726.462157425035
2243,3,13389.427576938486,58.587,1847.7410056174858
2244,3,13395.427576938486,58.448,1861.9644331944883
2245,3,13401.427576938486,58.308,1876.1998607713956
2246,3,13407.427576938486,58.169,1863.6324331944884
2247,3,13413.427576938486,58.03,1864.4664331943932
2248,3,13419.427576938486,57.903,1704.2673022712204
2249,3,13425.427576938486,57.791,1503.6478886171355
2250,3,13431.427576938486,57.676,1544.614171347857
2251,3,13437.427576938486,57.568,1451.2421783094114
2252,3,13443.427576938486,57.468,1344.3427576937722
2253,3,13449.427576938486,57.397,954.9093579627005
2255,3,13462.427576938486,57.375,296.17340669262603
2256,3,13468.427576938486,57.246,1737.427157425035
2257,3,13474.427576938486,57.147,1333.9683301169607
2259,3,13486.427576938486,57.123,323.6742618465359
2260,3,13492.427576938486,57.048,1011.932068270329
2262,3,13504.427576938486,56.995,715.7346615777989
2263,3,13510.427576938486,56.926,932.2195028086949
2265,3,13522.427576938486,56.873,716.6886615777989
2266,3,13528.427576938486,56.76,1528.7123161940428
2267,3,13534.427576938486,56.736,324.82626184653594
2268,3,13540.427576938486,56.719,230.18726880789885
2269,3,13546.427576938486,56.618,1368.1891852707747
2270,3,13552.427576938486,56.505,1531.4243161940428
2271,3,13558.427576938486,56.443,840.6225097702501
2274,3,13576.427576938486,56.338,1425.5248955784987
2275,3,13582.427576938486,56.247,1236.0009095014168
2277,3,13594.427576938486,56.229,244.699696384902
2278,3,13600.427576938486,56.111,1604.8504540787699
2279,3,13606.427576938486,56.062,666.7149512699789
2280,3,13612.427576938486,56.019,585.3343858083448
2281,3,13618.427576938486,55.967,708.1582340007958
2282,3,13624.427576938486,55.956,149.86870334626448
2283,3,13630.427576938486,55.874,1117.695061308966
2285,3,13642.427576938486,55.786,1200.5336267706
2287,3,13655.427576938486,55.751,477.93996519289743
2288,3,13661.427576938486,55.638,1543.7413161940426
2289,3,13667.427576938486,55.593,615.034240962158
2291,3,13679.427576938486,55.52,998.5982131165149
2292,3,13685.427576938486,55.457,862.1819373471573
2294,3,13697.427576938486,55.353,1424.5324680015917
2295,3,13703.427576938486,55.287,904.4262200779743
2297,3,13715.427576938486,55.215,987.510785539511
2298,3,13721.427576938486,55.13,1166.321344039783
2300,3,13733.427576938486,55.057,1002.5402131165149
2301,3,13739.427576938486,54.932,1717.4284471173107
2302,3,13745.427576938486,54.815,1608.2150265018638
2303,3,13751.427576938486,54.707,1485.154178309315
2304,3,13757.427576938486,54.617,1238.1684819245106
2305,3,13763.427576938486,54.512,1445.159895578498
2306,3,13769.427576938486,54.362,2065.414136540753
2307,3,13775.427576938486,54.23,1818.356440155949
2308,3,13781.427576938486,54.099,1805.3670125789447
2309,3,13787.427576938486,53.959,1930.2398607712978
2310,3,13793.427576938486,53.805,2124.1878468485747
2311,3,13799.427576938486,53.653,2097.512991694664
2312,3,13805.427576938486,53.529,1711.8730195403064
2313,3,13811.427576938486,53.412,1615.937026501864
2314,3,13817.427576938486,53.282,1796.2655850020385
2315,3,13823.427576938486,53.164,1631.1644540786722
2316,3,13829.427576938486,53.072,1272.3073370783234
2317,3,13835.427576938486,52.978,1300.5301922322342
2318,3,13841.427576938486,52.888,1245.728481924511
2319,3,13847.427576938486,52.775,1564.7593161940426
2320,3,13853.427576938486,52.66,1593.1441713479535
2321,3,13860.427576938486,52.633,374.2315445772548
2324,3,13878.427576938486,52.611,305.325406692724
2325,3,13884.427576938486,52.509,1416.2116128476805
2326,3,13890.427576938486,52.457,722.3022340007957
2330,3,13914.427576938486,52.429,389.6039721542594
2331,3,13920.427576938486,52.313,1614.7695989248596
2332,3,13926.427576938486,52.183,1810.4355850020388
2333,3,13932.427576938486,52.084,1379.3103301168633
2334,3,13938.427576938486,52.026,808.4287994624298
2335,3,13944.427576938486,51.98,641.4436685392607
2337,3,13956.427576938486,51.89,1256.0784819244122
2338,3,13962.427576938486,51.834,781.8959443085187
2340,3,13974.427576938486,51.745,1243.7240543476055
2341,3,13980.427576938486,51.718,377.47154457725406
2342,3,13986.427576938486,51.695,321.6878342696305
2343,3,13992.427576938486,51.586,1525.1746058863196
2344,3,13998.427576938486,51.487,1385.8443301168631
2345,3,14004.427576938486,51.44,658.208096116167
2346,3,14010.427576938486,51.43,140.10427576935697
2347,3,14016.427576938486,51.375,770.9035167316127
2348,3,14022.427576938486,51.256,1668.6688816556766
2349,3,14028.427576938486,51.118,1935.9230056174847
2350,3,14034.427576938486,50.979,1950.7854331944902
2351,3,14040.427576938486,50.845,1881.4172953097618
2352,3,14046.427576938486,50.717,1797.9427298481278
2353,3,14052.427576938486,50.605,1573.8718886171368
2354,3,14059.427576938486,50.514,1279.4079095013176
2355,3,14065.427576938486,50.374,1969.159860771396
2356,3,14071.427576938486,50.25,1744.857019540405
2357,3,14077.427576938486,50.106,2027.1495710791187
2358,3,14083.427576938486,49.953,2154.7644192715697
2359,3,14089.427576938486,49.803,2113.414136540853
2360,3,14095.427576938486,49.671,1860.5964401558506
2361,3,14101.427576938486,49.559,1579.359888617137
2362,3,14107.427576938486,49.448,1565.924461040131
2363,3,14113.427576938486,49.332,1637.1575989248595
2364,3,14119.427576938486,49.209,1736.6895919633992
2365,3,14125.427576938486,49.085,1751.553019540405
2366,3,14131.427576938486,48.951,1893.611295309762
2367,3,14137.427576938486,48.809,2007.5147159253077
2368,3,14143.427576938486,48.67,1965.93643319439
2369,3,14149.427576938486,48.536,1896.023295309762
2370,3,14155.427576938486,48.404,1868.5164401558504
2371,3,14161.427576938486,48.271,1883.4698677328565
2372,3,14167.427576938486,48.145,1785.0958746942163
2373,3,14173.427576938486,48.021,1757.5050195404053
2374,3,14179.427576938486,47.884,1942.581578040579
2375,3,14185.427576938486,47.742,2014.3307159253077
2376,3,14191.427576938486,47.61,1873.2684401558504
2377,3,14197.427576938486,47.474,1930.8501504636736
2378,3,14203.427576938486,47.349,1775.4284471173107
2379,3,14209.427576938486,47.215,1904.063295309661
2380,3,14215.427576938486,47.072,2032.8061435022132
2381,3,14221.427576938486,46.932,1990.999860771396
2382,3,14227.427576938486,46.791,2006.0672883484026
2383,3,14233.427576938486,46.641,2135.0141365407526
2384,3,14239.427576938486,46.519,1737.2101643864937
2385,3,14245.427576938486,46.471,683.7805236930732
2387,3,14258.427576938486,46.347,1768.045019540304
2388,3,14264.427576938486,46.243,1483.5004680015911
2389,3,14270.427576938486,46.153,1284.3384819245123
2390,3,14276.427576938486,46.055,1399.089902539957
2391,3,14282.427576938486,45.948,1528.2197507324083
2392,3,14288.427576938486,45.833,1643.1691713479543
2393,3,14294.427576938486,45.727,1515.2093231555032
2394,3,14300.427576938486,45.647,1144.0342061550546
2395,3,14306.427576938486,45.524,1759.6905919633987
2396,3,14312.427576938486,45.364,2289.9884123102106
2397,3,14318.427576938486,45.207,2247.9931295792917
2398,3,14324.427576938486,45.052,2220.2862744254817
2399,3,14330.427576938486,44.901,2163.8945641176574
2400,3,14336.427576938486,44.751,2150.4641365408543
2401,3,14342.427576938486,44.6,2165.7065641176578
2402,3,14348.427576938486,44.535,932.6477925010709
2405,3,14366.427576938486,44.461,1063.1156406934201
2406,3,14372.427576938486,44.42,589.2695306544322
2409,3,14390.427576938486,44.384,518.0553927698052
2410,3,14396.427576938486,44.278,1526.0213231555033
2411,3,14402.427576938486,44.261,244.84126880789532
2414,3,14420.427576938486,44.225,519.1353927698052
2415,3,14426.427576938486,44.109,1673.4655989248595
2416,3,14432.427576938486,44.037,1039.1347855396104
2418,3,14444.427576938486,43.993,635.5548133852491
2419,3,14450.427576938486,43.885,1560.6461783094155
2420,3,14457.427576938486,43.811,1069.84964069342
2421,3,14463.427576938486,43.795,231.41484123099028
2424,3,14481.427576938486,43.746,709.5899512699784
2425,3,14487.427576938486,43.641,1521.1798955785987
2426,3,14493.427576938486,43.627,202.90798607707782
2427,3,14499.427576938486,43.622,72.49713788472951
2428,3,14505.427576938486,43.519,1494.0590404246864
2429,3,14511.427576938486,43.431,1277.0056267706009
2430,3,14517.427576938486,43.394,537.1448203467099
2431,3,14523.427576938486,43.378,232.37484123099017
2433,3,14535.427576938486,43.329,712.2359512699784
2434,3,14541.427576938486,43.206,1788.5955919633982
2435,3,14547.427576938486,43.15,814.6559443086205
2438,3,14565.427576938486,43.074,1106.9724958473323
2439,3,14571.427576938486,42.938,1981.714150463571
2440,3,14577.427576938486,42.874,932.9553649240639
2452,3,14650.427576938486,42.852,322.3094066927283
2453,3,14656.427576938486,42.833,278.4721239618071
2454,3,14662.427576938486,42.759,1085.0196406934197
2456,3,14674.427576938486,42.691,997.8610752317853
2457,3,14680.427576938486,42.662,425.732399731267
2458,3,14686.427576938486,42.656,88.11856546163425
2459,3,14692.427576938486,42.548,1586.7821783093123
2460,3,14698.427576938486,42.465,1219.969488885871
2463,3,14716.427576938486,42.364,1486.3591852708782
2464,3,14722.427576938486,42.256,1590.022178309312
2465,3,14728.427576938486,42.184,1060.4467855396113
2469,3,14752.427576938486,42.098,1268.708771616688
2470,3,14758.427576938486,41.979,1756.2528816556764
2471,3,14764.427576938486,41.859,1771.7313092325805
2472,3,14770.427576938486,41.744,1698.5991713479552
2473,3,14776.427576938486,41.616,1891.3827298481278
2474,3,14782.427576938486,41.511,1552.1548955784947
2475,3,14788.427576938486,41.501,147.88427576946052
2477,3,14800.427576938486,41.448,784.4226615776994
2478,3,14806.427576938486,41.347,1495.4491852707736
2479,3,14812.427576938486,41.306,607.309530654536
2481,3,14824.427576938486,41.228,1156.3053510011405
2482,3,14830.427576938486,41.193,519.0649651929018
2484,3,14842.427576938486,41.126,994.4426476548811
2485,3,14848.427576938486,41.007,1766.9628816556765
2486,3,14854.427576938486,40.926,1203.2086337319574
2487,3,14860.427576938486,40.855,1055.0903579627077
2488,3,14866.427576938486,40.75,1560.9748955784946
2489,3,14873.427576938486,40.624,1874.0518746942146
2490,3,14879.427576938486,40.476,2202.155281386944
2491,3,14885.427576938486,40.36,1726.7095989248592
2492,3,14891.427576938486,40.249,1652.9484610401287
2493,3,14897.427576938486,40.146,1534.4350404246868
2494,3,14903.427576938486,40.035,1654.2804610402345
2495,3,14909.427576938486,39.926,1625.1276058862152
2496,3,14915.427576938486,39.809,1745.105026501869
2497,3,14921.427576938486,39.696,1686.121316194042
2498,3,14927.427576938486,39.584,1671.8718886170323
2499,3,14933.427576938486,39.474,1642.677033463331
2500,3,14939.427576938486,39.365,1628.3976058862152
2501,3,14945.427576938486,39.26,1569.2698955786004
2502,3,14951.427576938486,39.155,1569.8998955784944
2503,3,14957.427576938486,39.047,1615.4021783094176
2504,3,14963.427576938486,38.937,1645.9770334632249
2505,3,14969.427576938486,38.833,1556.8204680015906
2506,3,14975.427576938486,38.725,1617.3461783093114
2507,3,14981.427576938486,38.607,1767.808454078773
2508,3,14987.427576938486,38.485,1828.4661643864936
2509,3,14993.427576938486,38.365,1799.2113092325799
2510,3,14999.427576938486,38.247,1769.932454078773
2511,3,15005.427576938486,38.136,1665.6024610401284
2512,3,15011.427576938486,38.04,1441.0970473861491
2513,3,15017.427576938486,37.949,1366.5859095014184
2514,3,15023.427576938486,37.877,1081.6867855395053
2515,3,15029.427576938486,37.875,30.058855153913708
2516,3,15035.427576938486,37.773,1533.613612847677
2517,3,15041.427576938486,37.706,1007.7756476548811
2519,3,15054.427576938486,37.608,1475.3339025400633
2520,3,15060.427576938486,37.595,195.78555850017207
2521,3,15066.427576938486,37.542,798.5206615776987
2522,3,15072.427576938486,37.436,1597.6773231555044
2523,3,15078.427576938486,37.429,105.54899303853769
2524,3,15084.427576938486,37.387,633.5459582314404
2525,3,15090.427576938486,37.274,1705.218316194042
2526,3,15096.427576938486,37.223,769.917806423892
2527,3,15102.427576938486,37.199,362.45826184653737
2528,3,15108.427576938486,37.082,1767.6860265017624
2529,3,15114.427576938486,37.045,559.2338203467094
2531,3,15126.427576938486,36.96,1285.7463440397842
2532,3,15132.427576938486,36.852,1634.3021783094184
2533,3,15138.427576938486,36.845,105.96899303853756
2534,3,15144.427576938486,36.762,1256.98748888587
2535,3,15150.427576938486,36.701,924.1760821932468
2540,3,15180.427576938486,36.648,804.5626615776983
2542,3,15192.427576938486,36.617,470.9652548851829
2543,3,15198.427576938486,36.531,1307.0647716166873
2545,3,15210.427576938486,36.463,1034.3090752317842
2546,3,15216.427576938486,36.381,1247.747061308967
2548,3,15228.427576938486,36.304,1172.5889234242356
2549,3,15234.427576938486,36.198,1614.8493231555046
2550,3,15240.427576938486,36.135,960.146937347161
2551,3,15246.427576938486,36.033,1555.1356128476762
2552,3,15252.427576938486,35.899,2043.8252953097624
2553,3,15258.427576938486,35.758,2151.4382883482995
2554,3,15264.427576938486,35.608,2289.6641365408595
2555,3,15271.427576938486,35.467,2153.2712883482995
2556,3,15277.427576938486,35.341,1924.9558746942137
2557,3,15283.427576938486,35.248,1421.358764655333
2558,3,15289.427576938486,35.141,1635.9687507324074
2559,3,15295.427576938486,35.031,1682.4970334632249
2560,3,15301.427576938486,34.921,1683.1570334632247
2561,3,15307.427576938486,34.804,1790.9690265017618
2562,3,15313.427576938486,34.689,1761.0441713479563
2563,3,15319.427576938486,34.579,1685.1370334632247
2564,3,15325.427576938486,34.476,1578.5190404246875
2565,3,15331.427576938486,34.369,1640.4627507324076
2566,3,15337.427576938486,34.267,1564.4176128476759
2567,3,15343.427576938486,34.162,1611.059895578602
2568,3,15349.427576938486,34.041,1857.2807368095907
2569,3,15355.427576938486,33.911,1996.2055850019333
2570,3,15361.427576938486,33.778,2043.0698677328596
2571,3,15367.427576938486,33.644,2059.2352953097625
2572,3,15373.427576938486,33.505,2136.906433194385
2573,3,15379.427576938486,33.361,2214.637571079226
2574,3,15385.427576938486,33.216,2230.8869986560194
2575,3,15391.427576938486,33.064,2339.4969916946657
2576,3,15397.427576938486,32.916,2278.819281386946
2577,3,15403.427576938486,32.774,2187.286715925202
2578,3,15409.427576938486,32.642,2034.0444401558477
2579,3,15415.427576938486,32.527,1772.7741713479566
2580,3,15421.427576938486,32.426,1557.5641852707731
2581,3,15427.427576938486,32.342,1295.9039164628819
2582,3,15433.427576938486,32.251,1404.4419095014189
2583,3,15439.427576938486,32.154,1497.6244749629436
2584,3,15445.427576938486,32.055,1529.0973301169681
2585,3,15451.427576938486,31.962,1436.9827646552787
2586,3,15458.427576938486,31.877,1313.9663440397844
2587,3,15464.427576938486,31.771,1639.22932315545
2588,3,15470.427576938486,31.653,1825.5104540787738
2589,3,15476.427576938486,31.542,1717.883461040127
2590,3,15482.427576938486,31.463,1223.11177857815
2591,3,15488.427576938486,31.345,1827.6344540787738
2592,3,15494.427576938486,31.198,2277.6808538099335
2593,3,15500.427576938486,31.037,2495.5688398871175
2594,3,15506.427576938486,30.876,2496.5348398870624
2595,3,15512.427576938486,30.733,2218.277143502214
2596,3,15518.427576938486,30.597,2110.5061504636224
2597,3,15524.427576938486,30.453,2235.5175710791714
2598,3,15530.427576938486,30.314,2158.7294331944395
2599,3,15536.427576938486,30.17,2237.2455710791164
2600,3,15542.427576938486,30.025,2253.651998656129
2601,3,15548.427576938486,29.888,2130.1345780405245
2602,3,15554.427576938486,29.754,2084.2932953097625
2603,3,15560.427576938486,29.612,2209.580715925312
2604,3,15566.427576938486,29.47,2210.4327159252566
2605,3,15572.427576938486,29.324,2273.574426232976
2606,3,15578.427576938486,29.165,2476.9699847332577
2607,3,15584.427576938486,29.0,2571.430550194837
2608,3,15590.427576938486,28.835,2572.420550194837
2609,3,15596.427576938486,28.676,2479.8319847332577
2610,3,15602.427576938486,28.527,2324.7617089637934
2611,3,15608.427576938486,28.385,2216.3967159252566
2612,3,15614.427576938486,28.232,2389.0074192716233
2613,3,15620.427576938486,28.064,2624.231832925654
2614,3,15626.427576938486,27.895,2640.8662605026116
2615,3,15632.427576938486,27.726,2641.8802605026117
2616,3,15638.427576938486,27.567,2486.509984733202
2617,3,15644.427576938486,27.418,2331.0197089638486
2618,3,15650.427576938486,27.349,1079.8795028087409
2622,3,15674.427576938486,27.253,1504.745047386096
2623,3,15681.427576938486,27.141,1756.31988861714
2625,3,15693.427576938486,27.093,753.2845236930201
2626,3,15699.427576938486,27.02,1146.0582131165156
2628,3,15711.427576938486,26.949,1115.5113579626004
2629,3,15717.427576938486,26.916,518.6751100389897
2631,3,15729.427576938486,26.84,1195.436495847333
2632,3,15735.427576938486,26.735,1652.2198955785477
2633,3,15741.427576938486,26.65,1338.0213440397847
2635,3,15753.427576938486,26.624,409.5891170003975
2636,3,15759.427576938486,26.526,1544.4239025399554
2637,3,15765.427576938486,26.499,425.66654457735524
2640,3,15783.427576938486,26.412,1373.1581991936441
2641,3,15789.427576938486,26.286,1989.4678746942125
2642,3,15795.427576938486,26.273,205.3405585002268
2643,3,15801.427576938486,26.236,584.6528203467087
2644,3,15807.427576938486,26.121,1817.8541713479574
2645,3,15813.427576938486,26.107,221.38798607712846
2646,3,15819.427576938486,26.079,442.9439721542569
2647,3,15825.427576938486,25.969,1740.7970334632244
2648,3,15831.427576938486,25.951,284.96569638490354
2649,3,15837.427576938486,25.92,490.96025488507416
2650,3,15843.427576938486,25.81,1742.7770334632808
2651,3,15849.427576938486,25.774,570.5793927697508
2653,3,15861.427576938486,25.733,650.3185306544838
2654,3,15867.427576938486,25.631,1618.4776128477306
2655,3,15873.427576938486,25.628,47.62028273081726
2656,3,15879.427576938486,25.609,301.70912396180506
2657,3,15885.427576938486,25.511,1556.7719025400118
2661,3,15910.427576938486,25.398,1797.8783161940416
2662,3,15916.427576938486,25.293,1671.2248955785478
2663,3,15922.427576938486,25.28,206.99155850017044
2664,3,15928.427576938486,25.241,621.2086755006245
2665,3,15934.427576938486,25.138,1641.246040424632
2667,3,15946.427576938486,25.133,79.73213788473322
2668,3,15952.427576938486,25.014,1898.3388816556762
2669,3,15958.427576938486,24.909,1675.634895578548
2670,3,15964.427576938486,24.848,973.8300821932468
2673,3,15982.427576938486,24.763,1358.5063440397282
2674,3,15988.427576938486,24.656,1710.761750732464
2675,3,15994.427576938486,24.558,1567.4539025399552
2676,3,16000.427576938486,24.464,1504.0401922322367
2677,3,16006.427576938486,24.368,1536.617047386096
2678,3,16012.427576938486,24.248,1921.4913092325774
2679,3,16018.427576938486,24.115,2130.4508677328613
2680,3,16024.427576938486,23.981,2147.2732953097056
2681,3,16030.427576938486,23.842,2228.229433194496
2682,3,16036.427576938486,23.693,2389.427708963792
2683,3,16042.427576938486,23.568,2005.3034471173107
2684,3,16048.427576938486,23.433,2166.5377228867205
2685,3,16054.427576938486,23.292,2263.6742883482984
2686,3,16060.427576938486,23.16,2119.976440155903
2687,3,16066.427576938486,23.023,2201.10057804058
2688,3,16072.427576938486,22.882,2266.212288348298
2689,3,16078.427576938486,22.748,2154.5092953097624
2690,3,16084.427576938486,22.632,1865.7935989248588
2691,3,16091.427576938486,22.49,2284.9827159253136
2692,3,16097.427576938486,22.362,2060.470729848128
2693,3,16103.427576938486,22.237,2012.9284471173107
2694,3,16109.427576938486,22.11,2045.8973022711698
2695,3,16115.427576938486,21.981,2078.890157425029
2696,3,16121.427576938486,21.855,2031.299874694269
2697,3,16127.427576938486,21.746,1757.8896058863234
2698,3,16133.427576938486,21.643,1661.7430404246315
2699,3,16139.427576938486,21.559,1355.7119164628268
2700,3,16145.427576938486,21.498,984.8710821932467
2701,3,16151.427576938486,21.444,872.1770891547113
2702,3,16157.427576938486,21.377,1082.5476476548813
2703,3,16163.427576938486,21.292,1373.8913440397278
2704,3,16169.427576938486,21.176,1875.6535989249162
2705,3,16175.427576938486,21.05,2038.1038746942115
2706,3,16181.427576938486,21.002,776.7085236930767
2707,3,16187.427576938486,20.994,129.49942061549362
2708,3,16193.427576938486,20.986,129.54742061549362
2709,3,16199.427576938486,20.963,372.5868342695801
2710,3,16205.427576938486,20.915,777.8605236930767
2711,3,16211.427576938486,20.846,1118.5885028087403
2712,3,16217.427576938486,20.753,1508.2207646552788
2713,3,16223.427576938486,20.635,1914.3644540787177
2714,3,16229.427576938486,20.498,2223.43157804058
2715,3,16235.427576938486,20.344,2500.2558468485254
2716,3,16241.427576938486,20.192,2468.6969916946664
2717,3,16247.427576938486,20.042,2437.1141365407498
2718,3,16253.427576938486,19.894,2405.5072813869488
2719,3,16260.427576938486,19.754,2276.4598607713397
2720,3,16266.427576938486,19.653,1642.90918527083
2721,3,16272.427576938486,19.618,569.5349651928493
2723,3,16284.427576938486,19.564,879.3590891546537
2724,3,16290.427576938486,19.47,1531.3001922322371
2725,3,16296.427576938486,19.467,48.88928273081731
2726,3,16302.427576938486,19.463,65.2097103077178
2727,3,16308.427576938486,19.403,978.5056546163462
2728,3,16314.427576938486,19.343,978.8656546162883
2729,3,16320.427576938486,19.288,897.6235167316121
2730,3,16326.427576938486,19.252,587.7513927698078
2731,3,16332.427576938486,19.215,604.2998203467082
2732,3,16338.427576938486,19.173,686.2139582314425
2733,3,16344.427576938486,19.145,457.64397215425623
2734,3,16350.427576938486,19.072,1193.581213116516
2735,3,16356.427576938486,19.005,1095.8806476548814
2736,3,16362.427576938486,18.917,1439.8936267705444
2737,3,16368.427576938486,18.811,1735.0533231555064
2738,3,16374.427576938486,18.689,1997.6801643864935
2739,3,16380.427576938486,18.55,2276.8794331944387
2740,3,16386.427576938484,18.416,2195.7812953097623
2741,3,16392.427576938484,18.297,1950.698881655676
2742,3,16398.427576938484,18.183,1869.4207437709997
2743,3,16404.427576938484,18.055,2099.766729848128
2744,3,16410.427576938484,17.953,1673.8636128477306
2745,3,16416.427576938484,17.952,16.416427576900226
2746,3,16422.427576938484,17.934,295.6036963849039
2747,3,16428.427576938484,17.821,1856.4123161940413
2748,3,16434.427576938484,17.695,2070.737874694269
2749,3,16440.427576938484,17.573,2005.7321643864932
2750,3,16446.427576938484,17.452,1990.0177368095347
2751,3,16452.427576938484,17.349,1694.600040424689
2752,3,16458.427576938484,17.263,1415.4247716166853
2753,3,16464.427576938484,17.194,1136.0455028087983
2756,3,16483.427576938484,17.174,329.66855153876264
2757,3,16489.427576938484,17.1,1220.217640693416
2758,3,16495.427576938484,17.098,32.99085515391729
2761,3,16513.427576938484,17.039,974.2922270393293
2762,3,16519.427576938484,16.945,1552.8261922322372
2763,3,16525.427576938484,16.909,594.915392769808
2767,3,16549.427576938484,16.872,612.328820346708
2768,3,16555.427576938484,16.774,1622.4319025399545
2769,3,16561.427576938484,16.717,944.0013718855294
2772,3,16579.427576938484,16.669,795.8125236930185
2773,3,16585.427576938484,16.567,1691.7136128477305
2774,3,16591.427576938484,16.513,895.9370891546531
2776,3,16603.427576938484,16.512,16.603427576958776
2777,3,16609.427576938484,16.427,1411.8013440397854
2778,3,16615.427576938484,16.422,83.07713788467589
2781,3,16633.427576938484,16.348,1230.8736406934747
2782,3,16639.427576938484,16.269,1314.5147785781505
2783,3,16645.427576938484,16.23,649.1716755005664
2786,3,16663.427576938484,16.156,1233.0936406934748
2787,3,16669.427576938484,16.076,1333.5542061550502
2788,3,16675.427576938484,16.047,483.5873997312146
2791,3,16694.427576938484,16.035,200.3331309232694
2792,3,16700.427576938484,15.914,2020.751736809564
2793,3,16706.427576938484,15.816,1637.2299025399543
2794,3,16712.427576938484,15.782,568.2225376159201
2802,3,16760.427576938484,15.77,201.12513092326944
2804,3,16772.427576938484,15.745,419.31068942346803
2805,3,16778.427576938484,15.65,1593.950619809137
2806,3,16784.427576938484,15.648,33.56885515388818
2807,3,16790.427576938484,15.647,16.79042757692918
2808,3,16796.427576938484,15.55,1629.2534749630252
2810,3,16808.427576938484,15.529,352.9769791157215
2811,3,16814.427576938484,15.425,1748.700468001589
2812,3,16820.427576938484,15.414,185.0247033463403
2814,3,16832.427576938484,15.327,1464.4211991936438
2815,3,16838.427576938484,15.276,858.7598064238654
2818,3,16856.427576938484,15.269,117.99499303856388
2819,3,16862.427576938484,15.234,590.1849651928493
2821,3,16874.427576938484,15.165,1164.3355028087694
2823,3,16886.427576938484,15.128,624.7978203467076
2824,3,16892.427576938484,15.095,557.450110038961
2826,3,16904.427576938484,15.046,828.316951270007
2827,3,16910.427576938484,14.973,1234.461213116486
2830,3,16928.427576938484,14.92,897.2066615777536
2831,3,16934.427576938484,14.852,1151.5410752318105
2835,3,16959.427576938484,14.815,627.4988203467376
2837,3,16971.427576938484,14.79,424.2856894234681
2838,3,16977.427576938484,14.695,1612.8556198091367
2839,3,16983.427576938484,14.662,560.4531100389611
2840,3,16989.427576938484,14.642,339.7885515387926
2841,3,16995.427576938484,14.573,1172.6845028087394
2845,3,17019.427576938484,14.546,459.5245445773565
2846,3,17025.427576938484,14.464,1396.085061308938
2849,3,17043.427576938484,14.463,17.043427576959314
2850,3,17049.427576938484,14.372,1551.4979095013903
2851,3,17055.427576938484,14.291,1381.489633732009
2855,3,17079.427576938484,14.233,990.6067994624292
2856,3,17085.427576938484,14.119,1947.7387437710004
2857,3,17091.427576938484,14.033,1469.8627716167148
2861,3,17115.427576938484,13.956,1317.8879234242625
2862,3,17121.427576938484,13.886,1198.4999303856987
2863,3,17127.427576938484,13.856,513.8228273081436
2865,3,17139.427576938484,13.813,736.9953858083421
2866,3,17145.427576938484,13.746,1148.7436476548814
2870,3,17169.427576938484,13.65,1648.2650473860958
2871,3,17175.427576938484,13.582,1167.9290752318104
2872,3,17181.427576938484,13.526,962.1599443085712
2873,3,17188.427576938484,13.456,1203.1899303856987
2874,3,17194.427576938484,13.386,1203.6099303856988
2875,3,17200.427576938484,13.338,825.620523693048
2876,3,17206.427576938484,13.289,843.1149512699769
2877,3,17212.427576938484,13.251,654.0722479236669
2878,3,17218.427576938484,13.201,860.9213788469059
2879,3,17224.427576938484,13.139,1067.914509770206
2880,3,17230.427576938484,13.081,999.3647994624291
2881,3,17236.427576938484,13.018,1085.8949373471044
2882,3,17242.427576938484,12.954,1103.515364924064
2883,3,17248.427576938484,12.892,1069.402509770206
2884,3,17254.427576938484,12.849,741.9403858083421
2885,3,17260.427576938484,12.794,949.3235167316117
2886,3,17266.427576938484,12.689,1812.9748955785483
2887,3,17272.427576938484,12.568,2089.963736809564
2888,3,17278.427576938484,12.47,1693.2859025399537
2889,3,17284.427576938484,12.395,1296.3320682704048
2890,3,17290.427576938484,12.333,1072.0065097701754
2891,3,17296.427576938484,12.279,934.0070891546828
2892,3,17302.427576938484,12.217,1072.7505097701755
2893,3,17308.427576938484,12.124,1609.6837646552785
2894,3,17314.427576938484,12.066,1004.2367994624291
2897,3,17332.427576938484,12.05,277.318841231016
2898,3,17338.427576938484,11.998,901.5982340008251
2899,3,17344.427576938484,11.884,1977.2647437709697
2900,3,17350.427576938484,11.76,2151.453019540382
2901,3,17356.427576938484,11.664,1666.217047386096
2902,3,17362.427576938484,11.645,329.8861239618334
2905,3,17381.427576938484,11.616,504.0613997312146
2906,3,17387.427576938484,11.5,2016.9415989248582
2907,3,17393.427576938484,11.417,1443.6544888858973
2908,3,17399.427576938484,11.328,1548.5490543475323
2911,3,17417.427576938484,11.254,1288.889640693445
2912,3,17423.427576938484,11.252,34.84685515385765
2913,3,17429.427576938484,11.193,1028.3362270393889
2914,3,17435.427576938484,11.142,889.2068064238654
2917,3,17453.427576938484,11.12,383.97540669265084
2918,3,17459.427576938484,11.022,1711.0239025399535
2919,3,17465.427576938484,10.981,716.0825306544843
2920,3,17471.427576938484,10.95,541.6142548851032
2921,3,17477.427576938484,10.894,978.7359443085404
2922,3,17483.427576938484,10.856,664.3702479236669
2924,3,17495.427576938484,10.801,962.2485167316116
2926,3,17507.427576938484,10.759,735.3119582314131
2927,3,17513.427576938484,10.737,385.2954066926509
2929,3,17525.427576938484,10.66,1349.4579234242626
2931,3,17537.427576938484,10.614,806.7216685391593
2932,3,17543.427576938484,10.597,298.23826880797594
2933,3,17549.427576938484,10.526,1246.0093579626275
2934,3,17555.427576938484,10.522,70.2217103077462
2935,3,17561.427576938484,10.445,1352.2299234242626
2936,3,17567.427576938484,10.436,158.10684819245236
2937,3,17573.427576938484,10.348,1546.4616267705724
2938,3,17580.427576938484,10.343,87.90213788470616
2939,3,17586.427576938484,10.249,1653.1241922322072
2940,3,17592.427576938484,10.209,703.6971030775557
2941,3,17598.427576938484,10.171,668.7402479236669
2942,3,17604.427576938484,10.062,1918.8826058862944
2943,3,17610.427576938484,9.946,2042.8095989248582
2944,3,17616.427576938484,9.878,1197.9170752318103
2945,3,17622.427576938484,9.813,1145.4577925009926
2946,3,17628.427576938484,9.741,1269.2467855395876
2947,3,17634.427576938484,9.701,705.3771030775243
2948,3,17640.427576938484,9.666,617.4149651928494
2949,3,17646.427576938484,9.639,476.45354457735715
2950,3,17652.427576938484,9.602,653.1398203467069
2951,3,17658.427576938484,9.553,865.2629512699767
2952,3,17664.427576938484,9.482,1254.1743579626589
2953,3,17670.427576938484,9.378,1837.7244680015883
2954,3,17676.427576938484,9.274,1838.3484680016197
2955,3,17682.427576938484,9.2,1308.4996406934451
2956,3,17688.427576938484,9.11,1591.958481924461
2957,3,17694.427576938484,9.032,1380.165351001191
2958,3,17700.427576938484,8.935,1716.9414749630246
2959,3,17706.427576938484,8.831,1841.4684680016196
2960,3,17712.427576938484,8.735,1700.393047386096
