fixIdx,time,lat,lng,tickLead,tickRace,zoneIdx,legIdx,distance,area
1,,,,-990.2437425077,-990.2437425077,1,1,127.725,0.0
8,,,,-980.2437425077,-980.2437425077,8,1,127.714,0.0
9,,,,-979.2437425077,-979.2437425077,9,1,127.698,0.0
10,,,,-978.2437425077,-978.2437425077,10,1,127.68,0.0
11,,,,-977.2437425077,-977.2437425077,11,1,127.661,0.0
12,,,,-975.2437425077,-975.2437425077,12,1,127.629,0.0
13,,,,-974.2437425077,-974.2437425077,13,1,127.614,0.0
14,,,,-973.2437425077,-973.2437425077,14,1,127.599,0.0
15,,,,-972.2437425077,-972.2437425077,15,1,127.585,0.0
16,,,,-970.2437425077,-970.2437425077,16,1,127.557,0.0
17,,,,-969.2437425077,-969.2437425077,17,1,127.547,0.0
18,,,,-968.2437425077,-968.2437425077,18,1,127.54,0.0
19,,,,-967.2437425077,-967.2437425077,19,1,127.539,0.0
20,,,,-966.2437425077,-966.2437425077,20,1,127.538,0.0
99,,,,-751.2437425077,-751.2437425077,99,1,127.494,0.0
100,,,,-743.2437425077,-743.2437425077,100,1,127.412,0.0
101,,,,-742.2437425077,-742.2437425077,101,1,127.403,0.0
106,,,,-726.2437425077,-726.2437425077,106,1,127.375,0.0
114,,,,-699.2437425077,-699.2437425077,114,1,127.373,0.0
122,,,,-672.2437425077,-672.2437425077,122,1,127.317,0.0
131,,,,-643.2437425077,-643.2437425077,131,1,127.302,0.0
132,,,,-640.2437425077,-640.2437425077,132,1,127.254,0.0
133,,,,-636.2437425077,-636.2437425077,133,1,127.211,0.0
134,,,,-632.2437425077,-632.2437425077,134,1,127.206,0.0
141,,,,-606.2437425077,-606.2437425077,141,1,127.192,0.0
142,,,,-605.2437425077,-605.2437425077,142,1,127.191,0.0
149,,,,-583.2437425077,-583.2437425077,149,1,127.178,0.0
155,,,,-558.2437425077,-558.2437425077,155,1,127.147,0.0
156,,,,-551.2437425077,-551.2437425077,156,1,127.026,0.0
157,,,,-545.2437425077,-545.2437425077,157,1,126.917,0.0
158,,,,-537.2437425077,-537.2437425077,158,1,126.768,0.0
159,,,,-532.2437425077,-532.2437425077,159,1,126.687,0.0
160,,,,-529.2437425077,-529.2437425077,160,1,126.661,0.0
164,,,,-520.2437425077,-520.2437425077,164,1,126.655,0.0
165,,,,-517.2437425077,-517.2437425077,165,1,126.618,0.0
177,,,,-483.2437425077,-483.2437425077,177,1,126.613,0.0
178,,,,-482.2437425077,-482.2437425077,178,1,126.608,0.0
185,,,,-458.2437425077,-458.2437425077,185,1,126.6,0.0
186,,,,-457.2437425077,-457.2437425077,186,1,126.598,0.0
205,,,,-390.2437425077,-390.2437425077,205,1,126.574,0.0
206,,,,-387.2437425077,-387.2437425077,206,1,126.531,0.0
207,,,,-379.2437425077,-379.2437425077,207,1,126.402,0.0
208,,,,-372.2437425077,-372.2437425077,208,1,126.293,0.0
209,,,,-367.2437425077,-367.2437425077,209,1,126.212,0.0
210,,,,-362.2437425077,-362.2437425077,210,1,126.142,0.0
211,,,,-357.2437425077,-357.2437425077,211,1,126.06,0.0
212,,,,-351.2437425077,-351.2437425077,212,1,125.992,0.0
213,,,,-346.2437425077,-346.2437425077,213,1,125.964,0.0
214,,,,-342.2437425077,-342.2437425077,214,1,125.919,0.0
215,,,,-338.2437425077,-338.2437425077,215,1,125.857,0.0
216,,,,-334.2437425077,-334.2437425077,216,1,125.834,0.0
268,,,,-125.2437425077,-125.2437425077,268,1,125.793,0.0
269,,,,-118.2437425077,-118.2437425077,269,1,125.685,0.0
270,,,,-114.2437425077,-114.2437425077,270,1,125.668,0.0
275,,,,-96.2437425077,-96.2437425077,275,1,125.634,0.0
276,,,,-93.2437425077,-93.2437425077,276,1,125.577,0.0
277,,,,-88.2437425077,-88.2437425077,277,1,125.496,0.0
278,,,,-83.2437425077,-83.2437425077,278,1,125.452,0.0
279,,,,-80.2437425077,-80.2437425077,279,1,125.443,0.0
280,,,,-75.2437425077,-75.2437425077,280,1,125.436,0.0
281,,,,-69.2437425077,-69.2437425077,281,1,125.394,0.0
282,,,,-67.2437425077,-67.2437425077,282,1,125.372,0.0
283,,,,-65.2437425077,-65.2437425077,283,1,125.343,0.0
284,,,,-59.2437425077,-59.2437425077,284,1,125.237,0.0
285,,,,-54.2437425077,-54.2437425077,285,1,125.154,0.0
286,,,,-46.2437425077,-46.2437425077,286,1,125.029,0.0
287,,,,-43.2437425077,-43.2437425077,287,1,124.975,0.0
288,,,,-36.2437425077,-36.2437425077,288,1,124.832,0.0
289,,,,-34.2437425077,-34.2437425077,289,1,124.8,0.0
290,,,,-28.2437425077,-28.2437425077,290,1,124.72,0.0
291,,,,-24.2437425077,-24.2437425077,291,1,124.717,0.0
295,,,,-12.2437425077,-12.2437425077,295,1,124.68,0.0
296,,,,-8.2437425077,-8.2437425077,296,1,124.612,0.0
297,,,,-7.2437425077,-7.2437425077,297,1,124.598,0.0
298,,,,-4.2437425077,-4.2437425077,298,1,124.558,0.0
299,,,,-2.2437425077,-2.2437425077,299,1,124.538,0.0
300,,,,0.7562574923,0.7562574923,300,1,124.519,0.0
301,,,,9.7562574923,9.7562574923,301,1,124.487,0.0
310,,,,46.7562574923,46.7562574923,310,1,124.453,0.0
311,,,,53.7562574923,53.7562574923,311,1,124.366,0.0
312,,,,57.7562574923,57.7562574923,312,1,124.325,0.0
313,,,,65.7562574923,65.7562574923,313,1,124.227,0.0
314,,,,68.7562574923,68.7562574923,314,1,124.179,0.0
315,,,,72.7562574923,72.7562574923,315,1,124.115,0.0
316,,,,73.7562574923,73.7562574923,316,1,124.099,0.0
317,,,,78.7562574923,78.7562574923,317,1,124.023,0.0
318,,,,81.7562574923,81.7562574923,318,1,123.979,0.0
319,,,,88.7562574923,88.7562574923,319,1,123.875,0.0
320,,,,89.7562574923,89.7562574923,320,1,123.861,0.0
321,,,,96.7562574923,96.7562574923,321,1,123.749,0.0
322,,,,100.7562574923,100.7562574923,322,1,123.69,0.0
323,,,,101.7562574923,101.7562574923,323,1,123.673,0.0
324,,,,106.7562574923,106.7562574923,324,1,123.592,0.0
325,,,,112.7562574923,112.7562574923,325,1,123.483,0.0
326,,,,113.7562574923,113.7562574923,326,1,123.464,0.0
327,,,,119.7562574923,119.7562574923,1,2,123.358,1.0577197626793113e-4
328,,,,124.7562574923,124.7562574923,2,2,123.266,9.555824695163442e-5
329,,,,130.7562574923,130.7562574923,3,2,123.153,1.2291299102931187e-4
330,,,,134.7562574923,134.7562574923,4,2,123.079,8.289108504107962e-5
331,,,,137.7562574923,137.7562574923,5,2,123.024,6.29467923187096e-5
332,,,,140.7562574923,140.7562574923,6,2,122.963,7.130046680315028e-5
333,,,,144.7562574923,144.7562574923,7,2,122.887,9.130694716494693e-5
334,,,,149.7562574923,149.7562574923,8,2,122.79,1.2047692766612002e-4
335,,,,153.7562574923,153.7562574923,9,2,122.717,9.302554224318541e-5
336,,,,155.7562574923,155.7562574923,10,2,122.682,4.5161567525531666e-5
337,,,,160.7562574923,160.7562574923,11,2,122.599,1.1048226232342122e-4
338,,,,165.7562574923,165.7562574923,12,2,122.516,1.138414936069563e-4
339,,,,167.7562574923,167.7562574923,13,2,122.483,4.578673246688305e-5
340,,,,170.7562574923,170.7562574923,14,2,122.433,7.059053299345387e-5
341,,,,171.7562574923,171.7562574923,15,2,122.418,2.1295526443919845e-5
342,,,,174.7562574923,174.7562574923,16,2,122.374,6.354264720648895e-5
343,,,,178.7562574923,178.7562574923,17,2,122.326,7.08792529274244e-5
344,,,,183.7562574923,183.7562574923,18,2,122.286,6.0696347590013185e-5
345,,,,184.7562574923,184.7562574923,19,2,122.283,4.576194660771088e-6
346,,,,188.7562574923,188.7562574923,20,2,122.271,1.8699932796425827e-5
347,,,,192.7562574923,192.7562574923,21,2,122.257,2.2276542625287546e-5
348,,,,196.7562574923,196.7562574923,22,2,122.243,2.273621270217317e-5
349,,,,199.7562574923,199.7562574923,23,2,122.226,2.8025655635563646e-5
350,,,,204.7562574923,204.7562574923,24,2,122.193,5.5753066206599935e-5
351,,,,207.7562574923,207.7562574923,25,2,122.172,3.599109682675589e-5
352,,,,210.7562574923,210.7562574923,26,2,122.149,3.998082784661451e-5
353,,,,213.7562574923,213.7562574923,27,2,122.124,4.40673548893248e-5
354,,,,217.7562574923,217.7562574923,28,2,122.073,9.155115239940507e-5
355,,,,222.7562574923,222.7562574923,29,2,121.992,1.4866307336887442e-4
356,,,,226.7562574923,226.7562574923,30,2,121.916,1.4189973651964697e-4
357,,,,230.7562574923,230.7562574923,31,2,121.859,1.0824308929797712e-4
361,,,,246.7562574923,246.7562574923,35,2,121.83,5.886874394786605e-5
362,,,,248.7562574923,248.7562574923,36,2,121.801,5.9331759975518793e-5
363,,,,251.7562574923,251.7562574923,37,2,121.785,3.312342610736046e-5
381,,,,314.7562574923,314.7562574923,55,2,121.769,4.1406859547517434e-5
382,,,,317.7562574923,317.7562574923,56,2,121.766,7.837172807551781e-6
391,,,,349.7562574923,349.7562574923,65,2,121.726,1.1499867926124848e-4
392,,,,354.7562574923,354.7562574923,66,2,121.657,2.0111852097841784e-4
397,,,,372.7562574923,372.7562574923,71,2,121.643,4.286252569608186e-5
398,,,,376.7562574923,376.7562574923,72,2,121.633,3.094157465833907e-5
403,,,,399.7562574923,399.7562574923,77,2,121.623,3.2827779136758e-5
404,,,,404.7562574923,404.7562574923,78,2,121.551,2.392356393912543e-4
405,,,,407.7562574923,407.7562574923,79,2,121.532,6.357575028184181e-5
406,,,,409.7562574923,409.7562574923,80,2,121.523,3.025905318427535e-5
410,,,,424.7562574923,424.7562574923,84,2,121.521,6.970073480389994e-6
411,,,,428.7562574923,428.7562574923,85,2,121.487,1.1958938451529699e-4
419,,,,465.7562574923,465.7562574923,93,2,121.457,1.145958267099794e-4
420,,,,468.7562574923,468.7562574923,94,2,121.439,6.918670013766139e-5
421,,,,472.7562574923,472.7562574923,95,2,121.4,1.5114820707656616e-4
422,,,,475.7562574923,475.7562574923,96,2,121.366,1.3256655179798405e-4
423,,,,478.7562574923,478.7562574923,97,2,121.324,1.6473971358697836e-4
424,,,,483.7562574923,483.7562574923,98,2,121.282,1.6640259499911878e-4
427,,,,494.7562574923,494.7562574923,101,2,121.28,8.10264342788492e-6
428,,,,498.7562574923,498.7562574923,102,2,121.209,2.8988211404760067e-4
429,,,,503.7562574923,503.7562574923,103,2,121.153,2.3081056265271565e-4
430,,,,507.7562574923,507.7562574923,104,2,121.122,1.2873844274973354e-4
438,,,,543.7562574923,543.7562574923,112,2,121.108,6.225050856417232e-5
448,,,,589.7562574923,589.7562574923,122,2,121.069,1.8804107735943996e-4
449,,,,592.7562574923,592.7562574923,123,2,121.025,2.1315499838577164e-4
453,,,,607.7562574923,607.7562574923,127,2,120.995,1.489651305416727e-4
454,,,,609.7562574923,609.7562574923,128,2,120.971,1.1953759772607883e-4
459,,,,627.7562574923,627.7562574923,133,2,120.917,2.7681001897307496e-4
460,,,,630.7562574923,630.7562574923,134,2,120.888,1.4931640103609605e-4
464,,,,646.7562574923,646.7562574923,138,2,120.887,5.278793854238274e-6
465,,,,647.7562574923,647.7562574923,139,2,120.868,1.0044385077036066e-4
466,,,,651.7562574923,651.7562574923,140,2,120.838,1.5954256376185327e-4
470,,,,666.7562574923,666.7562574923,144,2,120.782,3.045584674110681e-4
471,,,,667.7562574923,667.7562574923,145,2,120.767,8.167650402993695e-5
472,,,,671.7562574923,671.7562574923,146,2,120.74,1.478726579089722e-4
478,,,,690.7562574923,690.7562574923,152,2,120.723,9.572095270749117e-5
479,,,,693.7562574923,693.7562574923,153,2,120.678,2.5441409193711174e-4
480,,,,697.7562574923,697.7562574923,154,2,120.666,6.821881379555224e-5
487,,,,720.7562574923,720.7562574923,161,2,120.641,1.4678477848629437e-4
488,,,,724.7562574923,724.7562574923,162,2,120.607,2.0068609550788054e-4
489,,,,728.7562574923,728.7562574923,163,2,120.589,1.0680893244054086e-4
493,,,,744.7562574923,744.7562574923,167,2,120.522,4.0615205876703655e-4
494,,,,748.7562574923,748.7562574923,168,2,120.493,1.7667097526294942e-4
501,,,,774.7562574923,774.7562574923,175,2,120.467,1.6385740256985687e-4
502,,,,778.7562574923,778.7562574923,176,2,120.397,4.4325552218916776e-4
503,,,,783.7562574923,783.7562574923,177,2,120.352,2.8664257596607733e-4
509,,,,804.7562574923,804.7562574923,183,2,120.341,7.19288602276724e-5
513,,,,818.7562574923,818.7562574923,187,2,120.339,1.3304767871678914e-5
514,,,,822.7562574923,822.7562574923,188,2,120.275,4.277152470174715e-4
515,,,,827.7562574923,827.7562574923,189,2,120.273,1.3443640479747034e-5
518,,,,837.7562574923,837.7562574923,192,2,120.233,2.7207350924912806e-4
519,,,,839.7562574923,839.7562574923,193,2,120.203,2.0448274606766872e-4
520,,,,843.7562574923,843.7562574923,194,2,120.178,1.7117479799889934e-4
526,,,,872.7562574923,872.7562574923,200,2,120.144,2.4073990737985519e-4
527,,,,873.7562574923,873.7562574923,201,2,120.122,1.5591502518204863e-4
528,,,,877.7562574923,877.7562574923,202,2,120.056,4.6971428151664494e-4
529,,,,881.7562574923,881.7562574923,203,2,120.035,1.50081235671373e-4
533,,,,896.7562574923,896.7562574923,207,2,120.004,2.252685635053648e-4
534,,,,900.7562574923,900.7562574923,208,2,119.957,3.4294816230631323e-4
539,,,,923.7562574923,923.7562574923,213,2,119.926,2.3190025693586584e-4
540,,,,927.7562574923,927.7562574923,214,2,119.859,5.03168422296361e-4
541,,,,932.7562574923,932.7562574923,215,2,119.823,2.7169945239335973e-4
548,,,,959.7562574923,959.7562574923,222,2,119.735,6.830255886773105e-4
549,,,,964.7562574923,964.7562574923,223,2,119.666,5.379913910980858e-4
550,,,,967.7562574923,967.7562574923,224,2,119.646,1.5636628970981317e-4
551,,,,970.7562574923,970.7562574923,225,2,119.632,1.0978011351387297e-4
552,,,,975.7562574923,975.7562574923,226,2,119.578,4.254975924562894e-4
553,,,,983.7562574923,983.7562574923,227,2,119.476,8.097787309612414e-4
554,,,,992.7562574923,992.7562574923,228,2,119.387,7.124660812484247e-4
555,,,,999.7562574923,999.7562574923,229,2,119.297,7.250076999789391e-4
556,,,,1005.7562574923,1005.7562574923,230,2,119.179,9.554370983121057e-4
557,,,,1007.7562574923,1007.7562574923,231,2,119.141,3.080933053329636e-4
558,,,,1014.7562574923,1014.7562574923,232,2,119.016,1.019806494088741e-3
559,,,,1016.7562574923,1016.7562574923,233,2,118.981,2.8591639022944754e-4
560,,,,1019.7562574923,1019.7562574923,234,2,118.928,4.340760167898804e-4
561,,,,1020.7562574923,1020.7562574923,235,2,118.911,1.3932745802876034e-4
562,,,,1029.7562574923,1029.7562574923,236,2,118.747,1.3549191996561172e-3
563,,,,1030.7562574923,1030.7562574923,237,2,118.727,1.652664560860597e-4
564,,,,1034.7562574923,1034.7562574923,238,2,118.649,6.467733884929885e-4
565,,,,1041.7562574923,1041.7562574923,239,2,118.525,1.034278631792007e-3
566,,,,1047.7562574923,1047.7562574923,240,2,118.415,9.218791732480675e-4
567,,,,1049.7562574923,1049.7562574923,241,2,118.376,3.272660403434607e-4
568,,,,1052.7562574923,1052.7562574923,242,2,118.321,4.6266425293455026e-4
569,,,,1057.7562574923,1057.7562574923,243,2,118.225,8.108772498322185e-4
570,,,,1064.7562574923,1064.7562574923,244,2,118.091,1.1382320168503589e-3
571,,,,1068.7562574923,1068.7562574923,245,2,118.014,6.55929632326738e-4
572,,,,1069.7562574923,1069.7562574923,246,2,117.994,1.7046068405673884e-4
573,,,,1070.7562574923,1070.7562574923,247,2,117.975,1.6206224294468944e-4
574,,,,1079.7562574923,1079.7562574923,248,2,117.807,1.4438707871490405e-3
575,,,,1086.7562574923,1086.7562574923,249,2,117.686,1.0453896434729293e-3
576,,,,1091.7562574923,1091.7562574923,250,2,117.603,7.197606128567037e-4
577,,,,1095.7562574923,1095.7562574923,251,2,117.547,4.871129109027885e-4
578,,,,1101.7562574923,1101.7562574923,252,2,117.465,7.167572388395439e-4
579,,,,1103.7562574923,1103.7562574923,253,2,117.445,1.7506017182683354e-4
580,,,,1107.7562574923,1107.7562574923,254,2,117.412,2.898306641350592e-4
581,,,,1111.7562574923,1111.7562574923,255,2,117.36,4.581860864511214e-4
582,,,,1113.7562574923,1113.7562574923,256,2,117.33,2.6472116651586266e-4
583,,,,1116.7562574923,1116.7562574923,257,2,117.281,4.3339661645167726e-4
584,,,,1122.7562574923,1122.7562574923,258,2,117.178,9.153186015367145e-4
585,,,,1127.7562574923,1127.7562574923,259,2,117.089,7.937779658803429e-4
586,,,,1129.7562574923,1129.7562574923,260,2,117.055,3.0361930165314396e-4
587,,,,1131.7562574923,1131.7562574923,261,2,117.023,2.861845287832904e-4
588,,,,1135.7562574923,1135.7562574923,262,2,116.955,6.100307771403569e-4
589,,,,1138.7562574923,1138.7562574923,263,2,116.904,4.584982812203226e-4
590,,,,1142.7562574923,1142.7562574923,264,2,116.842,5.590776827175376e-4
591,,,,1144.7562574923,1144.7562574923,265,2,116.81,2.889449965106567e-4
592,,,,1148.7562574923,1148.7562574923,266,2,116.752,5.253403272316807e-4
593,,,,1151.7562574923,1151.7562574923,267,2,116.72,2.9048789102745855e-4
594,,,,1156.7562574923,1156.7562574923,268,2,116.661,5.3770247646103e-4
595,,,,1160.7562574923,1160.7562574923,269,2,116.608,4.8445852426090243e-4
596,,,,1164.7562574923,1164.7562574923,270,2,116.547,5.592323572454011e-4
597,,,,1165.7562574923,1165.7562574923,271,2,116.532,1.3758935401957825e-4
598,,,,1169.7562574923,1169.7562574923,272,2,116.469,5.796640710856477e-4
599,,,,1173.7562574923,1173.7562574923,273,2,116.403,6.090063211014125e-4
600,,,,1174.7562574923,1174.7562574923,274,2,116.386,1.5694295095128585e-4
601,,,,1178.7562574923,1178.7562574923,275,2,116.318,6.296793391788103e-4
602,,,,1183.7562574923,1183.7562574923,276,2,116.228,8.363659469625363e-4
603,,,,1187.7562574923,1187.7562574923,277,2,116.159,6.429406995882305e-4
604,,,,1190.7562574923,1190.7562574923,278,2,116.112,4.388321031171809e-4
605,,,,1195.7562574923,1195.7562574923,279,2,116.094,1.6872182946060387e-4
608,,,,1205.7562574923,1205.7562574923,282,2,116.084,9.450684422279756e-5
609,,,,1208.7562574923,1208.7562574923,283,2,116.031,5.019962616008594e-4
610,,,,1211.7562574923,1211.7562574923,284,2,116.01,1.993342678832504e-4
614,,,,1227.7562574923,1227.7562574923,288,2,115.986,2.3077383441433668e-4
615,,,,1230.7562574923,1230.7562574923,289,2,115.949,3.5655188618826327e-4
620,,,,1245.7562574923,1245.7562574923,294,2,115.944,4.876108850273683e-5
621,,,,1249.7562574923,1249.7562574923,295,2,115.885,5.770690263780849e-4
651,,,,1356.7562574923,1356.7562574923,325,2,115.826,6.261568954853646e-4
652,,,,1359.7562574923,1359.7562574923,326,2,115.774,5.528224049254672e-4
653,,,,1365.7562574923,1365.7562574923,327,2,115.691,8.857665851544392e-4
657,,,,1380.7562574923,1380.7562574923,331,2,115.645,4.9602177817513e-4
658,,,,1382.7562574923,1382.7562574923,332,2,115.609,3.886154457287449e-4
659,,,,1387.7562574923,1387.7562574923,333,2,115.542,7.255484935683619e-4
663,,,,1401.7562574923,1401.7562574923,337,2,115.473,7.543005863008625e-4
664,,,,1405.7562574923,1405.7562574923,338,2,115.432,4.492725561015253e-4
668,,,,1420.7562574923,1420.7562574923,342,2,115.416,1.7715293322901335e-4
669,,,,1424.7562574923,1424.7562574923,343,2,115.355,6.770711535927952e-4
670,,,,1428.7562574923,1428.7562574923,344,2,115.331,2.6703814159703665e-4
674,,,,1444.7562574923,1444.7562574923,348,2,115.307,2.699723956695046e-4
675,,,,1446.7562574923,1446.7562574923,349,2,115.269,4.279329602929356e-4
676,,,,1450.7562574923,1450.7562574923,350,2,115.192,8.69091076550652e-4
677,,,,1455.7562574923,1455.7562574923,351,2,115.15,4.7543785787621933e-4
682,,,,1469.7562574923,1469.7562574923,356,2,115.135,1.7138977098412684e-4
683,,,,1474.7562574923,1474.7562574923,357,2,115.062,8.366145981019322e-4
684,,,,1478.7562574923,1478.7562574923,358,2,115.013,5.627879334151502e-4
697,,,,1529.7562574923,1529.7562574923,371,2,114.952,7.244301005117077e-4
698,,,,1533.7562574923,1533.7562574923,372,2,114.943,1.0712998745506618e-4
702,,,,1548.7562574923,1548.7562574923,376,2,114.879,7.69019440876498e-4
708,,,,1570.7562574923,1570.7562574923,382,2,114.868,1.3400901158510504e-4
709,,,,1575.7562574923,1575.7562574923,383,2,114.773,1.1604989350488429e-3
710,,,,1582.7562574923,1582.7562574923,384,2,114.662,1.3607531827515497e-3
711,,,,1586.7562574923,1586.7562574923,385,2,114.625,4.544373795666322e-4
712,,,,1588.7562574923,1588.7562574923,386,2,114.614,1.352449742895925e-4
713,,,,1594.7562574923,1594.7562574923,387,2,114.538,9.375927282095212e-4
714,,,,1599.7562574923,1599.7562574923,388,2,114.445,1.1500657719367045e-3
715,,,,1601.7562574923,1601.7562574923,389,2,114.415,3.712532368003336e-4
716,,,,1609.7562574923,1609.7562574923,390,2,114.309,1.3175296452114492e-3
717,,,,1615.7562574923,1615.7562574923,391,2,114.291,2.2444361179156056e-4
721,,,,1640.7562574923,1640.7562574923,395,2,114.263,3.5446519499328426e-4
722,,,,1644.7562574923,1644.7562574923,396,2,114.198,8.245360502535452e-4
723,,,,1647.7562574923,1647.7562574923,397,2,114.157,5.207988573385997e-4
724,,,,1648.7562574923,1648.7562574923,398,2,114.146,1.3977948353236514e-4
725,,,,1655.7562574923,1655.7562574923,399,2,114.069,9.82231793295568e-4
726,,,,1659.7562574923,1659.7562574923,400,2,113.998,9.072934684116739e-4
727,,,,1660.7562574923,1660.7562574923,401,2,113.98,2.3006683240473072e-4
728,,,,1666.7562574923,1666.7562574923,402,2,113.859,1.5512014482733296e-3
729,,,,1669.7562574923,1669.7562574923,403,2,113.804,7.058150178322731e-4
730,,,,1676.7562574923,1676.7562574923,404,2,113.672,1.6996602630494954e-3
731,,,,1678.7562574923,1678.7562574923,405,2,113.636,4.637538597434524e-4
732,,,,1684.7562574923,1684.7562574923,406,2,113.533,1.3307793101962149e-3
733,,,,1689.7562574923,1689.7562574923,407,2,113.436,1.2558709450246832e-3
734,,,,1690.7562574923,1690.7562574923,408,2,113.417,2.4601512167367676e-4
735,,,,1693.7562574923,1693.7562574923,409,2,113.361,7.261436296289141e-4
736,,,,1696.7562574923,1696.7562574923,410,2,113.305,7.270705239024915e-4
737,,,,1699.7562574923,1699.7562574923,411,2,113.251,7.020024825222305e-4
738,,,,1702.7562574923,1702.7562574923,412,2,113.195,7.289333773197573e-4
739,,,,1706.7562574923,1706.7562574923,413,2,113.118,1.0040478297738992e-3
740,,,,1709.7562574923,1709.7562574923,414,2,113.066,6.788629340626288e-4
741,,,,1711.7562574923,1711.7562574923,415,2,113.032,4.442221738506522e-4
742,,,,1716.7562574923,1716.7562574923,416,2,112.968,8.382618921311396e-4
747,,,,1727.7562574923,1727.7562574923,421,2,112.958,1.3177449451371514e-4
748,,,,1732.7562574923,1732.7562574923,422,2,112.866,1.215284811396743e-3
749,,,,1736.7562574923,1736.7562574923,423,2,112.823,5.689844417657131e-4
754,,,,1753.7562574923,1753.7562574923,428,2,112.797,3.472984520640304e-4
760,,,,1778.7562574923,1778.7562574923,434,2,112.728,9.344216544008379e-4
761,,,,1782.7562574923,1782.7562574923,435,2,112.693,4.748288049274382e-4
769,,,,1817.7562574923,1817.7562574923,443,2,112.687,8.298219998003535e-5
770,,,,1821.7562574923,1821.7562574923,444,2,112.633,7.482839730367755e-4
771,,,,1825.7562574923,1825.7562574923,445,2,112.63,4.165206978108088e-5
778,,,,1857.7562574923,1857.7562574923,452,2,112.627,4.2380976055494265e-5
782,,,,1873.7562574923,1873.7562574923,456,2,112.572,7.834745877242779e-4
783,,,,1877.7562574923,1877.7562574923,457,2,112.534,5.422412548845678e-4
787,,,,1893.7562574923,1893.7562574923,461,2,112.484,7.192734281883756e-4
788,,,,1897.7562574923,1897.7562574923,462,2,112.424,8.645283854761442e-4
792,,,,1913.7562574923,1913.7562574923,466,2,112.378,6.680781949522673e-4
793,,,,1917.7562574923,1917.7562574923,467,2,112.323,8.000990860583083e-4
801,,,,1946.7562574923,1946.7562574923,475,2,112.304,2.804851083097112e-4
802,,,,1951.7562574923,1951.7562574923,476,2,112.28,3.5513894968457e-4
808,,,,1985.7562574923,1985.7562574923,482,2,112.161,1.7904317363345076e-3
809,,,,1989.7562574923,1989.7562574923,483,2,112.093,1.024310586506247e-3
810,,,,1995.7562574923,1995.7562574923,484,2,111.983,1.6606503417353816e-3
811,,,,2002.7562574923,2002.7562574923,485,2,111.875,1.6345836227941207e-3
812,,,,2003.7562574923,2003.7562574923,486,2,111.861,2.118807335560331e-4
813,,,,2009.7562574923,2009.7562574923,487,2,111.82,6.222129031494248e-4
816,,,,2023.7562574923,2023.7562574923,490,2,111.778,6.415907305212466e-4
817,,,,2026.7562574923,2026.7562574923,491,2,111.753,3.823507649299229e-4
838,,,,2130.7562574923,2130.7562574923,512,2,111.741,1.9291391651944954e-4
839,,,,2133.7562574923,2133.7562574923,513,2,111.709,5.150599913411488e-4
840,,,,2136.7562574923,2136.7562574923,514,2,111.669,6.445224438246008e-4
841,,,,2138.7562574923,2138.7562574923,515,2,111.637,5.159342211428362e-4
842,,,,2140.7562574923,2140.7562574923,516,2,111.604,5.32399688167864e-4
843,,,,2142.7562574923,2142.7562574923,517,2,111.57,5.488806968555928e-4
844,,,,2147.7562574923,2147.7562574923,518,2,111.477,1.5039971006862941e-3
845,,,,2148.7562574923,2148.7562574923,519,2,111.458,3.0725692725347073e-4
846,,,,2155.7562574923,2155.7562574923,520,2,111.332,2.042906852383277e-3
847,,,,2159.7562574923,2159.7562574923,521,2,111.26,1.1685020003527602e-3
848,,,,2163.7562574923,2163.7562574923,522,2,111.193,1.0886896087399193e-3
849,,,,2169.7562574923,2169.7562574923,523,2,111.093,1.6281924311300892e-3
850,,,,2171.7562574923,2171.7562574923,524,2,111.055,6.188989657299042e-4
851,,,,2177.7562574923,2177.7562574923,525,2,110.952,1.6811088496323683e-3
852,,,,2183.7562574923,2183.7562574923,526,2,110.871,1.3245807127998308e-3
853,,,,2185.7562574923,2185.7562574923,527,2,110.841,4.907890401202482e-4
854,,,,2188.7562574923,2188.7562574923,528,2,110.787,8.842976258387685e-4
855,,,,2192.7562574923,2192.7562574923,529,2,110.727,9.838422298554558e-4
856,,,,2196.7562574923,2196.7562574923,530,2,110.658,1.1328223943913394e-3
857,,,,2197.7562574923,2197.7562574923,531,2,110.639,3.1195454959959124e-4
858,,,,2202.7562574923,2202.7562574923,532,2,110.548,1.4967528899364332e-3
859,,,,2207.7562574923,2207.7562574923,533,2,110.49,9.554956878284759e-4
862,,,,2218.7562574923,2218.7562574923,536,2,110.466,3.972000617083814e-4
863,,,,2220.7562574923,2220.7562574923,537,2,110.431,5.796174178012588e-4
864,,,,2221.7562574923,2221.7562574923,538,2,110.415,2.6502607420496554e-4
865,,,,2226.7562574923,2226.7562574923,539,2,110.369,7.634503201400291e-4
881,,,,2287.7562574923,2287.7562574923,555,2,110.321,8.181186915629464e-4
882,,,,2290.7562574923,2290.7562574923,556,2,110.283,6.482738928710076e-4
883,,,,2295.7562574923,2295.7562574923,557,2,110.266,2.905778206639763e-4
887,,,,2309.7562574923,2309.7562574923,561,2,110.238,4.81419111410703e-4
888,,,,2314.7562574923,2314.7562574923,562,2,110.161,1.3261366656877002e-3
889,,,,2315.7562574923,2315.7562574923,563,2,110.157,6.889464858094668e-5
895,,,,2337.7562574923,2337.7562574923,569,2,110.096,1.0603117321661888e-3
896,,,,2341.7562574923,2341.7562574923,570,2,110.041,9.571501984179442e-4
897,,,,2344.7562574923,2344.7562574923,571,2,110.02,3.6579920019161024e-4
898,,,,2350.7562574923,2350.7562574923,572,2,109.997,4.01582100172447e-4
899,,,,2353.7562574923,2353.7562574923,573,2,109.984,2.2723367014936772e-4
900,,,,2357.7562574923,2357.7562574923,574,2,109.942,7.352032920976862e-4
901,,,,2362.7562574923,2362.7562574923,575,2,109.865,1.3500002136958129e-3
902,,,,2368.7562574923,2368.7562574923,576,2,109.78,1.4929432269916096e-3
903,,,,2370.7562574923,2370.7562574923,577,2,109.752,4.919550714687117e-4
904,,,,2374.7562574923,2374.7562574923,578,2,109.724,4.92659406908594e-4
906,,,,2383.7562574923,2383.7562574923,580,2,109.682,7.415531900492279e-4
907,,,,2385.7562574923,2385.7562574923,581,2,109.654,4.946257173422424e-4
908,,,,2387.7562574923,2387.7562574923,582,2,109.625,5.125871360787866e-4
909,,,,2393.7562574923,2393.7562574923,583,2,109.529,1.7001343129426152e-3
910,,,,2394.7562574923,2394.7562574923,584,2,109.513,2.833292204818491e-4
911,,,,2396.7562574923,2396.7562574923,585,2,109.48,5.847237228760277e-4
912,,,,2402.7562574923,2402.7562574923,586,2,109.423,1.0120895885580897e-3
913,,,,2404.7562574923,2404.7562574923,587,2,109.416,1.2435879243050455e-4
914,,,,2409.7562574923,2409.7562574923,588,2,109.405,1.9581117406020337e-4
919,,,,2431.7562574923,2431.7562574923,593,2,109.352,9.517886942003335e-4
920,,,,2432.7562574923,2432.7562574923,594,2,109.338,2.5144223579554075e-4
921,,,,2436.7562574923,2436.7562574923,595,2,109.271,1.204862815716584e-3
922,,,,2440.7562574923,2440.7562574923,596,2,109.202,1.2420925176422938e-3
923,,,,2445.7562574923,2445.7562574923,597,2,109.119,1.4961304044418427e-3
924,,,,2450.7562574923,2450.7562574923,598,2,109.041,1.407837466982184e-3
925,,,,2451.7562574923,2451.7562574923,599,2,109.024,3.068279021461455e-4
926,,,,2454.7562574923,2454.7562574923,600,2,108.964,1.083864230801711e-3
927,,,,2458.7562574923,2458.7562574923,601,2,108.902,1.1211902146033236e-3
928,,,,2460.7562574923,2460.7562574923,602,2,108.875,4.884577946477007e-4
929,,,,2464.7562574923,2464.7562574923,603,2,108.838,6.70259125144968e-4
933,,,,2478.7562574923,2478.7562574923,607,2,108.834,7.285830336087746e-5
934,,,,2482.7562574923,2482.7562574923,608,2,108.782,9.484423178493454e-4
939,,,,2499.7562574923,2499.7562574923,613,2,108.766,2.937348072689219e-4
940,,,,2503.7562574923,2503.7562574923,614,2,108.759,1.2870100439692006e-4
943,,,,2514.7562574923,2514.7562574923,617,2,108.744,2.7697149755423044e-4
944,,,,2519.7562574923,2519.7562574923,618,2,108.696,8.878137774590761e-4
949,,,,2539.7562574923,2539.7562574923,623,2,108.661,6.522534512654496e-4
977,,,,2650.7562574923,2650.7562574923,651,2,108.641,3.889073809802108e-4
981,,,,2664.7562574923,2664.7562574923,655,2,108.58,1.1919877866415436e-3
982,,,,2668.7562574923,2668.7562574923,656,2,108.563,3.325725013328198e-4
987,,,,2686.7562574923,2686.7562574923,661,2,108.553,1.9692586845658402e-4
988,,,,2690.7562574923,2690.7562574923,662,2,108.502,1.0055345574848786e-3
993,,,,2707.7562574923,2707.7562574923,667,2,108.471,6.148364792174919e-4
994,,,,2710.7562574923,2710.7562574923,668,2,108.436,6.947279190245051e-4
999,,,,2726.7562574923,2726.7562574923,673,2,108.409,5.389421696790989e-4
1000,,,,2730.7562574923,2730.7562574923,674,2,108.354,1.0990398788690166e-3
1001,,,,2734.7562574923,2734.7562574923,675,2,108.351,6.001937690282068e-5
1013,,,,2775.7562574923,2775.7562574923,687,2,108.294,1.1571443113665976e-3
1014,,,,2778.7562574923,2778.7562574923,688,2,108.261,6.703710951498539e-4
1019,,,,2793.7562574923,2793.7562574923,693,2,108.217,8.983335669739897e-4
1020,,,,2795.7562574923,2795.7562574923,694,2,108.192,5.106193913986462e-4
1021,,,,2798.7562574923,2798.7562574923,695,2,108.18,2.453183608628556e-4
1027,,,,2813.7562574923,2813.7562574923,701,2,108.179,2.055152768737799e-5
1028,,,,2815.7562574923,2815.7562574923,702,2,108.14,8.019310009573941e-4
1029,,,,2817.7562574923,2817.7562574923,703,2,108.107,6.788129596787958e-4
1030,,,,2819.7562574923,2819.7562574923,704,2,108.083,4.939023396895618e-4
1031,,,,2822.7562574923,2822.7562574923,705,2,108.076,1.4418743381739877e-4
1047,,,,2866.7562574923,2866.7562574923,721,2,108.019,1.1920459986500926e-3
1048,,,,2868.7562574923,2868.7562574923,722,2,107.984,7.321568815416004e-4
1049,,,,2873.7562574923,2873.7562574923,723,2,107.901,1.7383337471934583e-3
1050,,,,2875.7562574923,2875.7562574923,724,2,107.88,4.399134503973948e-4
1051,,,,2877.7562574923,2877.7562574923,725,2,107.864,3.3534774261499483e-4
1052,,,,2879.7562574923,2879.7562574923,726,2,107.857,1.468009501978394e-4
1074,,,,2952.7562574923,2952.7562574923,748,2,107.814,9.244224358009619e-4
1080,,,,2974.7562574923,2974.7562574923,754,2,107.791,4.97990114869766e-4
1081,,,,2975.7562574923,2975.7562574923,755,2,107.779,2.598660794967586e-4
1082,,,,2979.7562574923,2979.7562574923,756,2,107.723,1.2139554345571575e-3
1083,,,,2986.7562574923,2986.7562574923,757,2,107.608,2.4968177956027644e-3
1084,,,,2990.7562574923,2990.7562574923,758,2,107.563,9.775971869960683e-4
1085,,,,2991.7562574923,2991.7562574923,759,2,107.559,8.690678767196778e-5
1086,,,,2999.7562574923,2999.7562574923,760,2,107.545,3.0496160260228727e-4
1087,,,,3003.7562574923,3003.7562574923,761,2,107.539,1.3085993935579894e-4
1088,,,,3011.7562574923,3011.7562574923,762,2,107.499,8.745360084538129e-4
1089,,,,3014.7562574923,3014.7562574923,763,2,107.477,4.813351028048849e-4
1090,,,,3018.7562574923,3018.7562574923,764,2,107.467,2.1904636272763472e-4
1133,,,,3199.7562574923,3199.7562574923,807,2,107.449,4.1786964314031056e-4
1134,,,,3202.7562574923,3202.7562574923,808,2,107.435,3.2526600444923465e-4
1139,,,,3215.7562574923,3215.7562574923,813,2,107.431,9.33025438716038e-5
1140,,,,3219.7562574923,3219.7562574923,814,2,107.41,4.903905888275286e-4
1147,,,,3238.7562574923,3238.7562574923,821,2,107.364,1.0801907986396889e-3
1148,,,,3242.7562574923,3242.7562574923,822,2,107.351,3.055643717017722e-4
1153,,,,3260.7562574923,3260.7562574923,827,2,107.34,2.5996060053816596e-4
1154,,,,3264.7562574923,3264.7562574923,828,2,107.278,1.466531065315352e-3
1155,,,,3267.7562574923,3267.7562574923,829,2,107.243,8.282666658676892e-4
1156,,,,3271.7562574923,3271.7562574923,830,2,107.225,4.263817618384097e-4
1188,,,,3371.7562574923,3371.7562574923,862,2,107.223,4.881922033098222e-5
1189,,,,3377.7562574923,3377.7562574923,863,2,107.115,2.6395744007498786e-3
1190,,,,3382.7562574923,3382.7562574923,864,2,107.025,2.200866424285668e-3
1191,,,,3383.7562574923,3383.7562574923,865,2,107.004,5.134210376944363e-4
1192,,,,3385.7562574923,3385.7562574923,866,2,106.962,1.0271465674437413e-3
1193,,,,3388.7562574923,3388.7562574923,867,2,106.902,1.467952285485697e-3
1194,,,,3392.7562574923,3392.7562574923,868,2,106.836,1.6157010533975108e-3
1195,,,,3394.7562574923,3394.7562574923,869,2,106.806,7.345124446592991e-4
1196,,,,3399.7562574923,3399.7562574923,870,2,106.738,1.6665822003541677e-3
1201,,,,3413.7562574923,3413.7562574923,875,2,106.721,4.181947460360383e-4
1202,,,,3416.7562574923,3416.7562574923,876,2,106.678,1.0584187020764905e-3
1203,,,,3420.7562574923,3420.7562574923,877,2,106.67,1.9709852045206696e-4
1208,,,,3435.7562574923,3435.7562574923,882,2,106.644,6.432765572342795e-4
1209,,,,3439.7562574923,3439.7562574923,883,2,106.603,1.015259652944474e-3
1215,,,,3459.7562574923,3459.7562574923,889,2,106.584,4.730886117311277e-4
1216,,,,3463.7562574923,3463.7562574923,890,2,106.557,6.729158497375854e-4
1224,,,,3491.7562574923,3491.7562574923,898,2,106.507,1.2557600763452538e-3
1225,,,,3496.7562574923,3496.7562574923,899,2,106.421,2.1616195423107935e-3
1226,,,,3498.7562574923,3498.7562574923,900,2,106.39,7.792057087128633e-4
1227,,,,3504.7562574923,3504.7562574923,901,2,106.29,2.5163273767817977e-3
1228,,,,3505.7562574923,3505.7562574923,902,2,106.272,4.5281679016277715e-4
1229,,,,3508.7562574923,3508.7562574923,903,2,106.216,1.4094780182356335e-3
1230,,,,3513.7562574923,3513.7562574923,904,2,106.126,2.2669018462583854e-3
1231,,,,3517.7562574923,3517.7562574923,905,2,106.056,1.7638229702088778e-3
1232,,,,3522.7562574923,3522.7562574923,906,2,105.962,2.3700955408013434e-3
1233,,,,3523.7562574923,3523.7562574923,907,2,105.942,5.041475739765859e-4
1234,,,,3524.7562574923,3524.7562574923,908,2,105.922,5.041954527607846e-4
1235,,,,3526.7562574923,3526.7562574923,909,2,105.879,1.0843127851265645e-3
1236,,,,3529.7562574923,3529.7562574923,910,2,105.821,1.4631075100940134e-3
1237,,,,3536.7562574923,3536.7562574923,911,2,105.695,3.182010231490634e-3
1238,,,,3540.7562574923,3540.7562574923,912,2,105.621,1.86914418322778e-3
1239,,,,3549.7562574923,3549.7562574923,913,2,105.462,4.021902951140357e-3
1240,,,,3557.7562574923,3557.7562574923,914,2,105.33,3.341849734094108e-3
1241,,,,3562.7562574923,3562.7562574923,915,2,105.252,1.9755345591616277e-3
1242,,,,3570.7562574923,3570.7562574923,916,2,105.128,3.1446260879060104e-3
1243,,,,3578.7562574923,3578.7562574923,917,2,105.002,3.198699166565341e-3
1244,,,,3587.7562574923,3587.7562574923,918,2,104.858,3.660140547055082e-3
1245,,,,3591.7562574923,3591.7562574923,919,2,104.806,1.3219552042667427e-3
1246,,,,3595.7562574923,3595.7562574923,920,2,104.756,1.2719072854779016e-3
1247,,,,3602.7562574923,3602.7562574923,921,2,104.658,2.4960273529761354e-3
1248,,,,3612.7562574923,3612.7562574923,922,2,104.504,3.928482653255502e-3
1249,,,,3622.7562574923,3622.7562574923,923,2,104.343,4.112215859040307e-3
1250,,,,3632.7562574923,3632.7562574923,924,2,104.178,4.21941919155098e-3
1251,,,,3645.7562574923,3645.7562574923,925,2,103.96,5.584421259313464e-3
1252,,,,3654.7562574923,3654.7562574923,926,2,103.831,3.3071777156304656e-3
1253,,,,3661.7562574923,3661.7562574923,927,2,103.742,2.283668031192168e-3
1254,,,,3668.7562574923,3668.7562574923,928,2,103.629,2.902204398162246e-3
1255,,,,3679.7562574923,3679.7562574923,929,2,103.445,4.733093887606412e-3
1256,,,,3691.7562574923,3691.7562574923,930,2,103.244,5.177607352403934e-3
1257,,,,3699.7562574923,3699.7562574923,931,2,103.116,3.2990680464922177e-3
1258,,,,3701.7562574923,3701.7562574923,932,2,103.089,6.957503704190036e-4
1259,,,,3706.7562574923,3706.7562574923,933,2,103.017,1.85694838216963e-3
1260,,,,3716.7562574923,3716.7562574923,934,2,102.872,3.745828579941744e-3
1261,,,,3726.7562574923,3726.7562574923,935,2,102.715,4.060775331009784e-3
1262,,,,3737.7562574923,3737.7562574923,936,2,102.527,4.868752922043756e-3
1263,,,,3744.7562574923,3744.7562574923,937,2,102.406,3.1347542100903444e-3
1264,,,,3752.7562574923,3752.7562574923,938,2,102.283,3.1895737220893326e-3
1265,,,,3758.7562574923,3758.7562574923,939,2,102.19,2.4129357210614594e-3
1266,,,,3760.7562574923,3760.7562574923,940,2,102.159,8.042518500030069e-4
1267,,,,3765.7562574923,3765.7562574923,941,2,102.081,2.0252110207726924e-3
1268,,,,3769.7562574923,3769.7562574923,942,2,102.017,1.6623201333100617e-3
1269,,,,3774.7562574923,3774.7562574923,943,2,101.934,2.15712601428084e-3
1270,,,,3782.7562574923,3782.7562574923,944,2,101.796,3.590253391239535e-3
1271,,,,3789.7562574923,3789.7562574923,945,2,101.675,3.149791739512312e-3
1272,,,,3796.7562574923,3796.7562574923,946,2,101.554,3.1518565192241157e-3
1273,,,,3797.7562574923,3797.7562574923,947,2,101.536,4.6867393786128984e-4
1274,,,,3804.7562574923,3804.7562574923,948,2,101.417,3.1020725296199577e-3
1275,,,,3806.7562574923,3806.7562574923,949,2,101.387,7.818717336051237e-4
1276,,,,3812.7562574923,3812.7562574923,950,2,101.3,2.269691655379824e-3
1277,,,,3820.7562574923,3820.7562574923,951,2,101.182,3.0817714919631426e-3
1278,,,,3825.7562574923,3825.7562574923,952,2,101.107,1.9594469022005375e-3
1279,,,,3833.7562574923,3833.7562574923,953,2,100.99,3.0602217499051724e-3
1280,,,,3834.7562574923,3834.7562574923,954,2,100.977,3.398945514130809e-4
1281,,,,3838.7562574923,3838.7562574923,955,2,100.913,1.6744338327661808e-3
1282,,,,3842.7562574923,3842.7562574923,956,2,100.843,1.8321035178921006e-3
1283,,,,3846.7562574923,3846.7562574923,957,2,100.786,1.4924685627118995e-3
1284,,,,3849.7562574923,3849.7562574923,958,2,100.741,1.178587032359631e-3
1285,,,,3852.7562574923,3852.7562574923,959,2,100.697,1.1527849101220962e-3
1286,,,,3854.7562574923,3854.7562574923,960,2,100.672,6.551069627057848e-4
1287,,,,3857.7562574923,3857.7562574923,961,2,100.639,8.651649197643746e-4
1288,,,,3861.7562574923,3861.7562574923,962,2,100.596,1.1280789717607682e-3
1289,,,,3865.7562574923,3865.7562574923,963,2,100.573,6.03817967260285e-4
1290,,,,3870.7562574923,3870.7562574923,964,2,100.544,7.62123363976312e-4
1291,,,,3873.7562574923,3873.7562574923,965,2,100.514,7.887830595116441e-4
1292,,,,3875.7562574923,3875.7562574923,966,2,100.491,6.048864063363782e-4
1293,,,,3879.7562574923,3879.7562574923,967,2,100.441,1.3158495152210043e-3
1294,,,,3882.7562574923,3882.7562574923,968,2,100.401,1.0530217176597163e-3
1295,,,,3885.7562574923,3885.7562574923,969,2,100.36,1.0797455756806006e-3
1296,,,,3890.7562574923,3890.7562574923,970,2,100.293,1.765782286159749e-3
1297,,,,3892.7562574923,3892.7562574923,971,2,100.264,7.643208469971253e-4
1298,,,,3895.7562574923,3895.7562574923,972,2,100.228,9.492355550080547e-4
1299,,,,3898.7562574923,3898.7562574923,973,2,100.195,8.705029642953908e-4
1300,,,,3901.7562574923,3901.7562574923,974,2,100.154,1.0819665702865942e-3
1301,,,,3903.7562574923,3903.7562574923,975,2,100.129,6.5985644236758e-4
1302,,,,3904.7562574923,3904.7562574923,976,2,100.117,3.167536998468835e-4
1303,,,,3910.7562574923,3910.7562574923,977,2,100.031,2.272443666810979e-3
1304,,,,3914.7562574923,3914.7562574923,978,2,99.974,1.5066178436027164e-3
1305,,,,3915.7562574923,3915.7562574923,979,2,99.961,3.435820772865872e-4
1306,,,,3919.7562574923,3919.7562574923,980,2,99.912,1.2959610359556187e-3
1307,,,,3921.7562574923,3921.7562574923,981,2,99.89,5.819501457652232e-4
1308,,,,3926.7562574923,3926.7562574923,982,2,99.837,1.4032313019642893e-3
1309,,,,3929.7562574923,3929.7562574923,983,2,99.801,9.534413795641121e-4
1310,,,,3932.7562574923,3932.7562574923,984,2,99.762,1.0332950119604715e-3
1311,,,,3936.7562574923,3936.7562574923,985,2,99.712,1.325493183021517e-3
1312,,,,3940.7562574923,3940.7562574923,986,2,99.66,1.379207957297578e-3
1313,,,,3942.7562574923,3942.7562574923,987,2,99.637,6.101142915508372e-4
1314,,,,3947.7562574923,3947.7562574923,988,2,99.594,1.1417167488367928e-3
1315,,,,3949.7562574923,3949.7562574923,989,2,99.573,5.576858731593878e-4
1316,,,,3953.7562574923,3953.7562574923,990,2,99.535,1.0098686027699255e-3
1317,,,,3955.7562574923,3955.7562574923,991,2,99.517,4.784661801484691e-4
1318,,,,3959.7562574923,3959.7562574923,992,2,99.498,5.054643572889771e-4
1319,,,,3965.7562574923,3965.7562574923,993,2,99.471,7.1921356619879e-4
1320,,,,3967.7562574923,3967.7562574923,994,2,99.455,4.263234178245476e-4
1321,,,,3971.7562574923,3971.7562574923,995,2,99.402,1.4131296620161495e-3
1322,,,,3976.7562574923,3976.7562574923,996,2,99.355,1.2540993280870409e-3
1327,,,,3988.7562574923,3988.7562574923,1001,2,99.299,1.4979782612120005e-3
1328,,,,3992.7562574923,3992.7562574923,1002,2,99.266,8.832265389226924e-4
1334,,,,4007.7562574923,4007.7562574923,1008,2,99.243,6.177204933432345e-4
1335,,,,4009.7562574923,4009.7562574923,1009,2,99.204,1.0476344951538096e-3
1336,,,,4013.7562574923,4013.7562574923,1010,2,99.148,1.5050754702298232e-3
1337,,,,4014.7562574923,4014.7562574923,1011,2,99.146,5.3750365770436073e-5
1342,,,,4028.7562574923,4028.7562574923,1016,2,99.113,8.898166244249201e-4
1343,,,,4029.7562574923,4029.7562574923,1017,2,99.096,4.5838852928343214e-4
1344,,,,4032.7562574923,4032.7562574923,1018,2,99.076,5.39581353219282e-4
1348,,,,4048.7562574923,4048.7562574923,1022,2,99.057,5.145347604282419e-4
1349,,,,4053.7562574923,4053.7562574923,1023,2,98.975,2.2222326758543996e-3
1350,,,,4058.7562574923,4058.7562574923,1024,2,98.934,1.1117958367931316e-3
1351,,,,4060.7562574923,4060.7562574923,1025,2,98.932,5.424887837236806e-5
1370,,,,4132.7562574923,4132.7562574923,1044,2,98.886,1.2695391601969003e-3
1371,,,,4137.7562574923,4137.7562574923,1045,2,98.826,1.657035661146051e-3
1372,,,,4140.7562574923,4140.7562574923,1046,2,98.816,2.762749938923948e-4
1390,,,,4208.7562574923,4208.7562574923,1064,2,98.814,5.615899310323249e-5
1391,,,,4211.7562574923,4211.7562574923,1065,2,98.766,1.3484353193226471e-3
1392,,,,4213.7562574923,4213.7562574923,1066,2,98.737,8.14748887820937e-4
1393,,,,4220.7562574923,4220.7562574923,1067,2,98.622,3.2339084450510084e-3
1394,,,,4225.7562574923,4225.7562574923,1068,2,98.553,1.940832493789164e-3
1395,,,,4230.7562574923,4230.7562574923,1069,2,98.486,1.8855049376182865e-3
1396,,,,4233.7562574923,4233.7562574923,1070,2,98.477,2.533586187075298e-4
1399,,,,4246.7562574923,4246.7562574923,1073,2,98.472,1.411769486289634e-4
1400,,,,4251.7562574923,4251.7562574923,1074,2,98.389,2.345248192652028e-3
1401,,,,4253.7562574923,4253.7562574923,1075,2,98.354,9.88832212843486e-4
1402,,,,4259.7562574923,4259.7562574923,1076,2,98.249,2.968567034056155e-3
1403,,,,4264.7562574923,4264.7562574923,1077,2,98.201,1.357594771649789e-3
1408,,,,4283.7562574923,4283.7562574923,1082,2,98.19,3.124076713276081e-4
1409,,,,4287.7562574923,4287.7562574923,1083,2,98.12,1.9890844563741883e-3
1410,,,,4289.7562574923,4289.7562574923,1084,2,98.086,9.660653124924295e-4
1411,,,,4295.7562574923,4295.7562574923,1085,2,97.979,3.0423288368455186e-3
1412,,,,4298.7562574923,4298.7562574923,1086,2,97.927,1.4783476425875835e-3
1413,,,,4302.7562574923,4302.7562574923,1087,2,97.863,1.8201194742145533e-3
1414,,,,4310.7562574923,4310.7562574923,1088,2,97.745,3.3589594299224127e-3
1415,,,,4315.7562574923,4315.7562574923,1089,2,97.669,2.163758798617106e-3
1416,,,,4317.7562574923,4317.7562574923,1090,2,97.642,7.686546542119809e-4
1417,,,,4322.7562574923,4322.7562574923,1091,2,97.598,1.2536170631938077e-3
1421,,,,4336.7562574923,4336.7562574923,1095,2,97.569,8.286136232928845e-4
1422,,,,4340.7562574923,4340.7562574923,1096,2,97.522,1.343640741458786e-3
1426,,,,4354.7562574923,4354.7562574923,1100,2,97.457,1.8631495602895935e-3
1427,,,,4357.7562574923,4357.7562574923,1101,2,97.427,8.60088312108948e-4
1437,,,,4392.7562574923,4392.7562574923,1111,2,97.386,1.1844631890983888e-3
1438,,,,4395.7562574923,4395.7562574923,1112,2,97.368,5.202057706838283e-4
1443,,,,4409.7562574923,4409.7562574923,1117,2,97.328,1.1593492268836385e-3
1444,,,,4412.7562574923,4412.7562574923,1118,2,97.324,1.1598757599687128e-4
1448,,,,4426.7562574923,4426.7562574923,1122,2,97.311,3.781225453830072e-4
1449,,,,4429.7562574923,4429.7562574923,1123,2,97.259,1.513009740619892e-3
1450,,,,4432.7562574923,4432.7562574923,1124,2,97.215,1.2804739458109782e-3
1451,,,,4435.7562574923,4435.7562574923,1125,2,97.181,9.897296626494025e-4
1452,,,,4437.7562574923,4437.7562574923,1126,2,97.175,1.7470097104499313e-4
1457,,,,4453.7562574923,4453.7562574923,1131,2,97.122,1.5482856239090272e-3
1458,,,,4457.7562574923,4457.7562574923,1132,2,97.097,7.306858746685398e-4
1463,,,,4474.7562574923,4474.7562574923,1137,2,97.078,5.573127386485541e-4
1464,,,,4477.7562574923,4477.7562574923,1138,2,97.068,2.9347530848550604e-4
1470,,,,4495.7562574923,4495.7562574923,1144,2,97.066,5.892736576444089e-5
1476,,,,4512.7562574923,4512.7562574923,1150,2,97.053,3.844465305304456e-4
1477,,,,4514.7562574923,4514.7562574923,1151,2,97.04,3.845653976712501e-4
1483,,,,4531.7562574923,4531.7562574923,1157,2,97.0,1.1874093695948464e-3
1484,,,,4534.7562574923,4534.7562574923,1158,2,96.989,3.266678614103164e-4
1489,,,,4548.7562574923,4548.7562574923,1163,2,96.969,5.956800153664513e-4
1490,,,,4550.7562574923,4550.7562574923,1164,2,96.942,8.043266457655453e-4
1491,,,,4551.7562574923,4551.7562574923,1165,2,96.934,2.3832835036863284e-4
1492,,,,4553.7562574923,4553.7562574923,1166,2,96.929,1.490106762310306e-4
1499,,,,4575.7562574923,4575.7562574923,1173,2,96.902,8.084116322346575e-4
1500,,,,4579.7562574923,4579.7562574923,1174,2,96.845,1.7073984314385294e-3
1501,,,,4581.7562574923,4581.7562574923,1175,2,96.833,3.5948120649356225e-4
1505,,,,4595.7562574923,4595.7562574923,1179,2,96.788,1.3517756868699474e-3
1506,,,,4597.7562574923,4597.7562574923,1180,2,96.754,1.0213691990868206e-3
1507,,,,4600.7562574923,4600.7562574923,1181,2,96.725,8.714525169648928e-4
1512,,,,4618.7562574923,4618.7562574923,1186,2,96.712,3.9209437839754274e-4
1513,,,,4621.7562574923,4621.7562574923,1187,2,96.661,1.5387062580086925e-3
1514,,,,4624.7562574923,4624.7562574923,1188,2,96.617,1.3277203730656727e-3
1515,,,,4628.7562574923,4628.7562574923,1189,2,96.601,4.830749842479032e-4
1521,,,,4647.7562574923,4647.7562574923,1195,2,96.586,4.546688204120114e-4
1522,,,,4652.7562574923,4652.7562574923,1196,2,96.496,2.7294633752232267e-3
1523,,,,4656.7562574923,4656.7562574923,1197,2,96.42,2.304878404148571e-3
1524,,,,4657.7562574923,4657.7562574923,1198,2,96.403,5.15427025126703e-4
1525,,,,4662.7562574923,4662.7562574923,1199,2,96.338,1.9720269659516403e-3
1526,,,,4663.7562574923,4663.7562574923,1200,2,96.329,2.7300359148401375e-4
1527,,,,4668.7562574923,4668.7562574923,1201,2,96.303,7.893791553749034e-4
1528,,,,4670.7562574923,4670.7562574923,1202,2,96.291,3.644130110254904e-4
1529,,,,4675.7562574923,4675.7562574923,1203,2,96.238,1.6106699625716317e-3
1530,,,,4679.7562574923,4679.7562574923,1204,2,96.162,2.310066939769704e-3
1531,,,,4684.7562574923,4684.7562574923,1205,2,96.077,2.5842236428675275e-3
1532,,,,4689.7562574923,4689.7562574923,1206,2,95.989,2.6758767532508053e-3
1533,,,,4694.7562574923,4694.7562574923,1207,2,95.888,3.0714257011453935e-3
1534,,,,4699.7562574923,4699.7562574923,1208,2,95.791,2.9498794958772072e-3
1535,,,,4704.7562574923,4704.7562574923,1209,2,95.69,3.071615570178722e-3
1536,,,,4708.7562574923,4708.7562574923,1210,2,95.612,2.3719361529519344e-3
1537,,,,4710.7562574923,4710.7562574923,1211,2,95.576,1.0945520928616205e-3
1538,,,,4715.7562574923,4715.7562574923,1212,2,95.491,2.5854648108093394e-3
1539,,,,4718.7562574923,4718.7562574923,1213,2,95.441,1.520753911433288e-3
1540,,,,4721.7562574923,4721.7562574923,1214,2,95.386,1.6729722911944939e-3
1541,,,,4729.7562574923,4729.7562574923,1215,2,95.247,4.2309151358248375e-3
1542,,,,4730.7562574923,4730.7562574923,1216,2,95.229,5.475528087052194e-4
1543,,,,4734.7562574923,4734.7562574923,1217,2,95.157,2.191027374958776e-3
1544,,,,4737.7562574923,4737.7562574923,1218,2,95.098,1.7953266422050982e-3
1545,,,,4746.7562574923,4746.7562574923,1219,2,94.927,5.2069865315583184e-3
1546,,,,4752.7562574923,4752.7562574923,1220,2,94.805,3.713886514604927e-3
1547,,,,4759.7562574923,4759.7562574923,1221,2,94.67,4.110106438713654e-3
1548,,,,4768.7562574923,4768.7562574923,1222,2,94.527,4.3555006162410035e-3
1549,,,,4781.7562574923,4781.7562574923,1223,2,94.301,6.888821607377083e-3
1550,,,,4789.7562574923,4789.7562574923,1224,2,94.157,4.388066035471053e-3
1551,,,,4795.7562574923,4795.7562574923,1225,2,94.057,3.0471350160498896e-3
1552,,,,4803.7562574923,4803.7562574923,1226,2,93.961,2.9270780033026386e-3
1553,,,,4808.7562574923,4808.7562574923,1227,2,93.886,2.287077927571353e-3
1554,,,,4819.7562574923,4819.7562574923,1228,2,93.696,5.798992004442356e-3
1555,,,,4826.7562574923,4826.7562574923,1229,2,93.571,3.814251323725125e-3
1556,,,,4832.7562574923,4832.7562574923,1230,2,93.46,3.3869917412585955e-3
1557,,,,4839.7562574923,4839.7562574923,1231,2,93.338,3.723387306673713e-3
1558,,,,4847.7562574923,4847.7562574923,1232,2,93.213,3.8161992441168536e-3
1559,,,,4855.7562574923,4855.7562574923,1233,2,93.103,3.3595598827311983e-3
1560,,,,4859.7562574923,4859.7562574923,1234,2,93.05,1.6186131634518936e-3
1561,,,,4864.7562574923,4864.7562574923,1235,2,92.975,2.291270339072722e-3
1562,,,,4868.7562574923,4868.7562574923,1236,2,92.907,2.07752832503543e-3
1563,,,,4874.7562574923,4874.7562574923,1237,2,92.818,2.7201693965637906e-3
1564,,,,4875.7562574923,4875.7562574923,1238,2,92.804,4.27742241885568e-4
1565,,,,4879.7562574923,4879.7562574923,1239,2,92.745,1.8033973640155644e-3
1566,,,,4882.7562574923,4882.7562574923,1240,2,92.705,1.2227411985642745e-3
1567,,,,4887.7562574923,4887.7562574923,1241,2,92.644,1.8655731981079425e-3
1568,,,,4890.7562574923,4890.7562574923,1242,2,92.606,1.1622525392142268e-3
1569,,,,4894.7562574923,4894.7562574923,1243,2,92.545,1.8662492166361129e-3
1570,,,,4897.7562574923,4897.7562574923,1244,2,92.494,1.5603186091109216e-3
1571,,,,4902.7562574923,4902.7562574923,1245,2,92.41,2.570683240293887e-3
1572,,,,4907.7562574923,4907.7562574923,1246,2,92.33,2.44859288320072e-3
1573,,,,4908.7562574923,4908.7562574923,1247,2,92.314,4.895638275193617e-4
1574,,,,4912.7562574923,4912.7562574923,1248,2,92.253,1.8672040332211278e-3
1575,,,,4916.7562574923,4916.7562574923,1249,2,92.189,1.9593009414530372e-3
1576,,,,4917.7562574923,4917.7562574923,1250,2,92.172,5.20316558820778e-4
1577,,,,4919.7562574923,4919.7562574923,1251,2,92.139,1.010162990720458e-3
1578,,,,4921.7562574923,4921.7562574923,1252,2,92.105,1.0408185984420069e-3
1579,,,,4926.7562574923,4926.7562574923,1253,2,92.024,2.480566997736489e-3
1580,,,,4930.7562574923,4930.7562574923,1254,2,91.951,2.2355164883387044e-3
1581,,,,4935.7562574923,4935.7562574923,1255,2,91.853,3.0013552989297926e-3
1582,,,,4940.7562574923,4940.7562574923,1256,2,91.761,2.8175375946448093e-3
1583,,,,4941.7562574923,4941.7562574923,1257,2,91.743,5.510386132770756e-4
1584,,,,4946.7562574923,4946.7562574923,1258,2,91.646,2.9706275167783684e-3
1585,,,,4948.7562574923,4948.7562574923,1259,2,91.606,1.2245808103235358e-3
1586,,,,4953.7562574923,4953.7562574923,1260,2,91.514,2.8173507087906825e-3
1587,,,,4957.7562574923,4957.7562574923,1261,2,91.449,1.9904188310581284e-3
1588,,,,4961.7562574923,4961.7562574923,1262,2,91.386,1.9293809350353721e-3
1589,,,,4964.7562574923,4964.7562574923,1263,2,91.351,1.0719515045302433e-3
1590,,,,4966.7562574923,4966.7562574923,1264,2,91.346,1.5316408440992546e-4
1595,,,,4980.7562574923,4980.7562574923,1269,2,91.307,1.1977588187819298e-3
1596,,,,4981.7562574923,4981.7562574923,1270,2,91.293,4.2992624244680955e-4
1597,,,,4983.7562574923,4983.7562574923,1271,2,91.275,5.528873178356798e-4
1601,,,,4996.7562574923,4996.7562574923,1275,2,91.269,1.847522130689454e-4
1602,,,,4999.7562574923,4999.7562574923,1276,2,91.229,1.232110346330577e-3
1603,,,,5000.7562574923,5000.7562574923,1277,2,91.222,2.1560689550063255e-4
1609,,,,5021.7562574923,5021.7562574923,1283,2,91.22,6.185760780837712e-5
1613,,,,5036.7562574923,5036.7562574923,1287,2,91.169,1.5816210051236884e-3
1614,,,,5040.7562574923,5040.7562574923,1288,2,91.132,1.1478077270292548e-3
1632,,,,5107.7562574923,5107.7562574923,1306,2,91.119,4.08532026115815e-4
1636,,,,5120.7562574923,5120.7562574923,1310,2,91.109,3.1501547165007303e-4
1637,,,,5124.7562574923,5124.7562574923,1311,2,91.075,1.0716304260496839e-3
1642,,,,5143.7562574923,5143.7562574923,1316,2,91.064,3.4790340959056946e-4
1643,,,,5144.7562574923,5144.7562574923,1317,2,91.061,9.489389974717405e-5
1648,,,,5157.7562574923,5157.7562574923,1322,2,91.041,6.341444517126104e-4
1649,,,,5161.7562574923,5161.7562574923,1323,2,90.989,1.6494018479816807e-3
1650,,,,5165.7562574923,5165.7562574923,1324,2,90.981,2.5386706592131893e-4
1654,,,,5181.7562574923,5181.7562574923,1328,2,90.967,4.455895256791555e-4
1655,,,,5183.7562574923,5183.7562574923,1329,2,90.937,9.549722407258029e-4
1656,,,,5187.7562574923,5187.7562574923,1330,2,90.906,9.87234935776282e-4
1663,,,,5217.7562574923,5217.7562574923,1337,2,90.835,2.272886351838494e-3
1664,,,,5219.7562574923,5219.7562574923,1338,2,90.818,5.441572136002027e-4
1665,,,,5221.7562574923,5221.7562574923,1339,2,90.806,3.841968052272344e-4
1666,,,,5224.7562574923,5224.7562574923,1340,2,90.791,4.804504833605615e-4
1678,,,,5264.7562574923,5264.7562574923,1352,2,90.743,1.5486745275083479e-3
1679,,,,5265.7562574923,5265.7562574923,1353,2,90.73,4.193713858237008e-4
1680,,,,5270.7562574923,5270.7562574923,1354,2,90.665,2.097945841805707e-3
1681,,,,5273.7562574923,5273.7562574923,1355,2,90.622,1.387835021636891e-3
1682,,,,5282.7562574923,5282.7562574923,1356,2,90.474,4.779845042800476e-3
1683,,,,5286.7562574923,5286.7562574923,1357,2,90.409,2.0983748292271085e-3
1684,,,,5292.7562574923,5292.7562574923,1358,2,90.354,1.776383764927775e-3
1685,,,,5296.7562574923,5296.7562574923,1359,2,90.327,8.723060993877472e-4
1686,,,,5303.7562574923,5303.7562574923,1360,2,90.236,2.9419574179552098e-3
1687,,,,5307.7562574923,5307.7562574923,1361,2,90.163,2.3596665061788404e-3
1688,,,,5309.7562574923,5309.7562574923,1362,2,90.13,1.066473483383253e-3
1689,,,,5315.7562574923,5315.7562574923,1363,2,90.047,2.6836456705191915e-3
1690,,,,5318.7562574923,5318.7562574923,1364,2,90.017,9.699311511100345e-4
1691,,,,5323.7562574923,5323.7562574923,1365,2,90.009,2.588368188844329e-4
1695,,,,5340.7562574923,5340.7562574923,1369,2,90.002,2.2718649620897966e-4
1696,,,,5342.7562574923,5342.7562574923,1370,2,89.967,1.1360927297119894e-3
1697,,,,5345.7562574923,5345.7562574923,1371,2,89.915,1.6880405513509823e-3
1698,,,,5353.7562574923,5353.7562574923,1372,2,89.793,3.962492997211859e-3
1699,,,,5355.7562574923,5355.7562574923,1373,2,89.765,9.090049867763676e-4
1700,,,,5356.7562574923,5356.7562574923,1374,2,89.751,4.5448102433259737e-4
1701,,,,5359.7562574923,5359.7562574923,1375,2,89.699,1.6883967885981583e-3
1702,,,,5364.7562574923,5364.7562574923,1376,2,89.622,2.5006594018647226e-3
1703,,,,5366.7562574923,5366.7562574923,1377,2,89.588,1.1039151646715785e-3
1704,,,,5370.7562574923,5370.7562574923,1378,2,89.513,2.4354397403485856e-3
1705,,,,5374.7562574923,5374.7562574923,1379,2,89.444,2.2404704825584056e-3
1706,,,,5378.7562574923,5378.7562574923,1380,2,89.369,2.4351453484814617e-3
1707,,,,5385.7562574923,5385.7562574923,1381,2,89.241,4.156665778633271e-3
1708,,,,5389.7562574923,5389.7562574923,1382,2,89.165,2.4670323531180405e-3
1709,,,,5395.7562574923,5395.7562574923,1383,2,89.061,3.376287288402415e-3
1710,,,,5400.7562574923,5400.7562574923,1384,2,88.979,2.6617587269824597e-3
1711,,,,5404.7562574923,5404.7562574923,1385,2,88.911,2.207085878197713e-3
1712,,,,5407.7562574923,5407.7562574923,1386,2,88.862,1.590236293805482e-3
1713,,,,5413.7562574923,5413.7562574923,1387,2,88.758,3.3760321587347573e-3
1714,,,,5418.7562574923,5418.7562574923,1388,2,88.679,2.5642098542594124e-3
1715,,,,5422.7562574923,5422.7562574923,1389,2,88.618,1.9798577019690335e-3
1716,,,,5424.7562574923,5424.7562574923,1390,2,88.584,1.1033427278342508e-3
1717,,,,5427.7562574923,5427.7562574923,1391,2,88.533,1.6551350342364232e-3
1718,,,,5429.7562574923,5429.7562574923,1392,2,88.498,1.135743794436914e-3
1719,,,,5432.7562574923,5432.7562574923,1393,2,88.454,1.4279435659745575e-3
1720,,,,5435.7562574923,5435.7562574923,1394,2,88.422,1.0386316011110654e-3
1724,,,,5449.7562574923,5449.7562574923,1398,2,88.408,4.5545317347858624e-4
1725,,,,5453.7562574923,5453.7562574923,1399,2,88.34,2.212798235033427e-3
1726,,,,5457.7562574923,5457.7562574923,1400,2,88.312,9.113252375960524e-4
1730,,,,5473.7562574923,5473.7562574923,1404,2,88.273,1.2725842459311184e-3
1731,,,,5474.7562574923,5474.7562574923,1405,2,88.265,2.610211200692781e-4
1742,,,,5516.7562574923,5516.7562574923,1416,2,88.25,4.93104928812883e-4
1743,,,,5521.7562574923,5521.7562574923,1417,2,88.167,2.7294706461700167e-3
1747,,,,5536.7562574923,5536.7562574923,1421,2,88.103,2.1086109369840046e-3
1748,,,,5537.7562574923,5537.7562574923,1422,2,88.084,6.258121193331544e-4
1749,,,,5540.7562574923,5540.7562574923,1423,2,88.032,1.7129862362845927e-3
1750,,,,5545.7562574923,5545.7562574923,1424,2,87.982,1.6476336989900914e-3
1754,,,,5562.7562574923,5562.7562574923,1428,2,87.961,6.938474390318059e-4
1755,,,,5564.7562574923,5564.7562574923,1429,2,87.926,1.156459967023007e-3
1756,,,,5567.7562574923,5567.7562574923,1430,2,87.885,1.3548549011717316e-3
1760,,,,5580.7562574923,5580.7562574923,1434,2,87.862,7.615378304755811e-4
1761,,,,5584.7562574923,5584.7562574923,1435,2,87.834,9.274847981798586e-4
1764,,,,5596.7562574923,5596.7562574923,1438,2,87.809,8.296404523390327e-4
1765,,,,5600.7562574923,5600.7562574923,1439,2,87.738,2.356574123916722e-3
1766,,,,5605.7562574923,5605.7562574923,1440,2,87.69,1.5935182110915743e-3
1799,,,,5745.7562574923,5745.7562574923,1473,2,87.619,2.414306652252838e-3
1800,,,,5754.7562574923,5754.7562574923,1474,2,87.438,6.1555613118614095e-3
1801,,,,5762.7562574923,5762.7562574923,1475,2,87.262,5.98161552625512e-3
1802,,,,5769.7562574923,5769.7562574923,1476,2,87.12,4.823142981028575e-3
1803,,,,5777.7562574923,5777.7562574923,1477,2,86.956,5.56832575890121e-3
1804,,,,5789.7562574923,5789.7562574923,1478,2,86.714,8.214537606963376e-3
1805,,,,5797.7562574923,5797.7562574923,1479,2,86.566,5.019411243109718e-3
1806,,,,5800.7562574923,5800.7562574923,1480,2,86.508,1.9657446976877576e-3
1807,,,,5802.7562574923,5802.7562574923,1481,2,86.469,1.321508520057885e-3
1808,,,,5804.7562574923,5804.7562574923,1482,2,86.433,1.2197453669709072e-3
1809,,,,5807.7562574923,5807.7562574923,1483,2,86.382,1.727995727469499e-3
1810,,,,5809.7562574923,5809.7562574923,1484,2,86.347,1.1856974520157043e-3
1811,,,,5813.7562574923,5813.7562574923,1485,2,86.271,2.5747742896270044e-3
1812,,,,5816.7562574923,5816.7562574923,1486,2,86.221,1.6935674535213734e-3
1813,,,,5820.7562574923,5820.7562574923,1487,2,86.144,2.60796581098453e-3
1814,,,,5823.7562574923,5823.7562574923,1488,2,86.083,2.0654606858194276e-3
1815,,,,5827.7562574923,5827.7562574923,1489,2,86.028,1.8623245482195336e-3
1818,,,,5838.7562574923,5838.7562574923,1492,2,85.997,1.0511296270254281e-3
1819,,,,5841.7562574923,5841.7562574923,1493,2,85.954,1.4581401384328192e-3
1823,,,,5854.7562574923,5854.7562574923,1497,2,85.905,1.6644082164157757e-3
1824,,,,5857.7562574923,5857.7562574923,1498,2,85.895,3.3973252525883575e-4
1828,,,,5873.7562574923,5873.7562574923,1502,2,85.832,2.1452490797372317e-3
1829,,,,5878.7562574923,5878.7562574923,1503,2,85.777,1.8731427481067364e-3
1833,,,,5893.7562574923,5893.7562574923,1507,2,85.764,4.436966320079851e-4
1834,,,,5896.7562574923,5896.7562574923,1508,2,85.753,3.755741601242141e-4
1839,,,,5911.7562574923,5911.7562574923,1513,2,85.704,1.676681187239531e-3
1840,,,,5915.7562574923,5915.7562574923,1514,2,85.672,1.0951987090675993e-3
1844,,,,5927.7562574923,5927.7562574923,1518,2,85.646,8.913522241225677e-4
1845,,,,5930.7562574923,5930.7562574923,1519,2,85.608,1.3029179510843794e-3
1850,,,,5946.7562574923,5946.7562574923,1524,2,85.564,1.5119875354158829e-3
1851,,,,5949.7562574923,5949.7562574923,1525,2,85.547,5.842634197580571e-4
1858,,,,5971.7562574923,5971.7562574923,1532,2,85.527,6.897611826676169e-4
1859,,,,5975.7562574923,5975.7562574923,1533,2,85.465,2.138666307459991e-3
1860,,,,5977.7562574923,5977.7562574923,1534,2,85.444,7.242776798824362e-4
1861,,,,5982.7562574923,5982.7562574923,1535,2,85.427,5.866799729625792e-4
1864,,,,5991.7562574923,5991.7562574923,1538,2,85.392,1.20931942450754e-3
1865,,,,5993.7562574923,5993.7562574923,1539,2,85.368,8.292378881086493e-4
1866,,,,5997.7562574923,5997.7562574923,1540,2,85.367,3.456957517585977e-5
1870,,,,6011.7562574923,6011.7562574923,1544,2,85.318,1.6973658952444154e-3
1871,,,,6015.7562574923,6015.7562574923,1545,2,85.255,2.182346668115202e-3
1872,,,,6018.7562574923,6018.7562574923,1546,2,85.246,3.1178762014706136e-4
1878,,,,6040.7562574923,6040.7562574923,1552,2,85.2,1.598890157216499e-3
1879,,,,6043.7562574923,6043.7562574923,1553,2,85.172,9.732980767268473e-4
1885,,,,6066.7562574923,6066.7562574923,1559,2,85.131,1.43003073954211e-3
1886,,,,6068.7562574923,6068.7562574923,1560,2,85.099,1.1160109188133448e-3
1887,,,,6075.7562574923,6075.7562574923,1561,2,84.974,4.360420768606608e-3
1888,,,,6077.7562574923,6077.7562574923,1562,2,84.933,1.429292381262207e-3
1889,,,,6083.7562574923,6083.7562574923,1563,2,84.822,3.8699025665869667e-3
1890,,,,6090.7562574923,6090.7562574923,1564,2,84.692,4.531091324517712e-3
1891,,,,6091.7562574923,6091.7562574923,1565,2,84.674,6.26937034127272e-4
1892,,,,6101.7562574923,6101.7562574923,1566,2,84.496,6.202701448135173e-3
1893,,,,6102.7562574923,6102.7562574923,1567,2,84.481,5.221887970685073e-4
1894,,,,6109.7562574923,6109.7562574923,1568,2,84.366,4.004955962363534e-3
1895,,,,6117.7562574923,6117.7562574923,1569,2,84.229,4.770238562175353e-3
1896,,,,6126.7562574923,6126.7562574923,1570,2,84.067,5.63899984490806e-3
1897,,,,6136.7562574923,6136.7562574923,1571,2,83.892,6.089236952218154e-3
1898,,,,6150.7562574923,6150.7562574923,1572,2,83.635,8.939827173421898e-3
1899,,,,6162.7562574923,6162.7562574923,1573,2,83.421,7.437611924644144e-3
1900,,,,6173.7562574923,6173.7562574923,1574,2,83.222,6.911499840484485e-3
1901,,,,6185.7562574923,6185.7562574923,1575,2,83.006,7.497792289826363e-3
1902,,,,6193.7562574923,6193.7562574923,1576,2,82.868,4.786236846175534e-3
1903,,,,6200.7562574923,6200.7562574923,1577,2,82.744,4.298736435626735e-3
1904,,,,6201.7562574923,6201.7562574923,1578,2,82.727,5.889361020021457e-4
1905,,,,6209.7562574923,6209.7562574923,1579,2,82.589,4.782458386981043e-3
1906,,,,6216.7562574923,6216.7562574923,1580,2,82.463,4.364533664589122e-3
1907,,,,6220.7562574923,6220.7562574923,1581,2,82.392,2.4580251866044628e-3
1908,,,,6225.7562574923,6225.7562574923,1582,2,82.302,3.115265545966242e-3
1909,,,,6227.7562574923,6227.7562574923,1583,2,82.265,1.2801437910947803e-3
1910,,,,6234.7562574923,6234.7562574923,1584,2,82.134,4.532863259021156e-3
1911,,,,6239.7562574923,6239.7562574923,1585,2,82.043,3.1470526179325463e-3
1912,,,,6245.7562574923,6245.7562574923,1586,2,81.938,3.6303670139784176e-3
1913,,,,6251.7562574923,6251.7562574923,1587,2,81.831,3.6982833601201005e-3
1914,,,,6257.7562574923,6257.7562574923,1588,2,81.726,3.627937105145454e-3
1915,,,,6263.7562574923,6263.7562574923,1589,2,81.62,3.661271120731927e-3
1916,,,,6265.7562574923,6265.7562574923,1590,2,81.585,1.2082524148433302e-3
1917,,,,6271.7562574923,6271.7562574923,1591,2,81.485,3.4525972011762644e-3
1918,,,,6278.7562574923,6278.7562574923,1592,2,81.36,4.314601962298691e-3
1919,,,,6281.7562574923,6281.7562574923,1593,2,81.305,1.8972325157664085e-3
1920,,,,6283.7562574923,6283.7562574923,1594,2,81.271,1.1725661506548398e-3
1921,,,,6289.7562574923,6289.7562574923,1595,2,81.169,3.518111824794538e-3
1922,,,,6293.7562574923,6293.7562574923,1596,2,81.097,2.482290572190726e-3
1923,,,,6300.7562574923,6300.7562574923,1597,2,80.97,4.377978904271812e-3
1924,,,,6302.7562574923,6302.7562574923,1598,2,80.937,1.1368227315685423e-3
1925,,,,6306.7562574923,6306.7562574923,1599,2,80.857,2.7557582549433105e-3
1926,,,,6312.7562574923,6312.7562574923,1600,2,80.763,3.237610860644464e-3
1927,,,,6316.7562574923,6316.7562574923,1601,2,80.705,1.9970606293256148e-3
1928,,,,6322.7562574923,6322.7562574923,1602,2,80.625,2.75482637307534e-3
1929,,,,6323.7562574923,6323.7562574923,1603,2,80.611,4.8188992276118294e-4
1930,,,,6324.7562574923,6324.7562574923,1604,2,80.597,4.8188242836749414e-4
1931,,,,6329.7562574923,6329.7562574923,1605,2,80.515,2.823003387029363e-3
1932,,,,6332.7562574923,6332.7562574923,1606,2,80.468,1.6175336278246642e-3
1933,,,,6334.7562574923,6334.7562574923,1607,2,80.437,1.0667037303235202e-3
1934,,,,6337.7562574923,6337.7562574923,1608,2,80.391,1.5828424783582487e-3
1935,,,,6341.7562574923,6341.7562574923,1609,2,80.334,1.9613292598694354e-3
1936,,,,6344.7562574923,6344.7562574923,1610,2,80.293,1.4105874603721597e-3
1937,,,,6346.7562574923,6346.7562574923,1611,2,80.266,9.288228902586542e-4
1938,,,,6350.7562574923,6350.7562574923,1612,2,80.217,1.6859055107441728e-3
1939,,,,6353.7562574923,6353.7562574923,1613,2,80.179,1.3073454258631237e-3
1940,,,,6357.7562574923,6357.7562574923,1614,2,80.125,1.8579099655539248e-3
1941,,,,6360.7562574923,6360.7562574923,1615,2,80.082,1.479249286829516e-3
1942,,,,6364.7562574923,6364.7562574923,1616,2,80.022,2.064038912497089e-3
1943,,,,6366.7562574923,6366.7562574923,1617,2,79.989,1.1349184969388097e-3
1944,,,,6371.7562574923,6371.7562574923,1618,2,79.919,2.407742600165692e-3
1945,,,,6374.7562574923,6374.7562574923,1619,2,79.879,1.3755538154897854e-3
1946,,,,6377.7562574923,6377.7562574923,1620,2,79.853,8.941612934148206e-4
1947,,,,6381.7562574923,6381.7562574923,1621,2,79.817,1.238365117127692e-3
1948,,,,6384.7562574923,6384.7562574923,1622,2,79.783,1.1696038727237498e-3
1949,,,,6388.7562574923,6388.7562574923,1623,2,79.717,2.2704064579188174e-3
1950,,,,6393.7562574923,6393.7562574923,1624,2,79.621,3.3016371449445508e-3
1951,,,,6394.7562574923,6394.7562574923,1625,2,79.603,6.187108068835773e-4
1952,,,,6398.7562574923,6398.7562574923,1626,2,79.534,2.371911582101212e-3
1953,,,,6401.7562574923,6401.7562574923,1627,2,79.485,1.6839411270272461e-3
1954,,,,6402.7562574923,6402.7562574923,1628,2,79.472,4.466554632725962e-4
1955,,,,6406.7562574923,6406.7562574923,1629,2,79.462,3.437460264400737e-4
1960,,,,6420.7562574923,6420.7562574923,1634,2,79.421,1.411985195001975e-3
1961,,,,6421.7562574923,6421.7562574923,1635,2,79.411,3.4432970718879476e-4
1989,,,,6520.7562574923,6520.7562574923,1663,2,79.379,1.1185457834071066e-3
1993,,,,6535.7562574923,6535.7562574923,1667,2,79.324,1.9258672345517597e-3
1994,,,,6539.7562574923,6539.7562574923,1668,2,79.323,3.502483493994039e-5
1998,,,,6553.7562574923,6553.7562574923,1672,2,79.28,1.5088734260888964e-3
1999,,,,6557.7562574923,6557.7562574923,1673,2,79.247,1.158124162401162e-3
2004,,,,6575.7562574923,6575.7562574923,1678,2,79.231,5.628819761094643e-4
2009,,,,6593.7562574923,6593.7562574923,1683,2,79.184,1.657332778600893e-3
2010,,,,6597.7562574923,6597.7562574923,1684,2,79.151,1.1637770932780153e-3
2016,,,,6615.7562574923,6615.7562574923,1690,2,79.134,6.009673105709522e-4
2017,,,,6618.7562574923,6618.7562574923,1691,2,79.095,1.3788269062520273e-3
2018,,,,6620.7562574923,6620.7562574923,1692,2,79.092,1.0606749575438867e-4
2024,,,,6637.7562574923,6637.7562574923,1698,2,79.016,2.6925973206194205e-3
2025,,,,6639.7562574923,6639.7562574923,1699,2,78.98,1.2749213702582074e-3
2026,,,,6643.7562574923,6643.7562574923,1700,2,78.934,1.629201601046795e-3
2034,,,,6671.7562574923,6671.7562574923,1708,2,78.882,1.8483202344960388e-3
2035,,,,6675.7562574923,6675.7562574923,1709,2,78.874,2.844192688036711e-4
2039,,,,6688.7562574923,6688.7562574923,1713,2,78.869,1.780935298736973e-4
2040,,,,6689.7562574923,6689.7562574923,1714,2,78.851,6.411390643899853e-4
2041,,,,6693.7562574923,6693.7562574923,1715,2,78.769,2.9206380633047925e-3
2042,,,,6697.7562574923,6697.7562574923,1716,2,78.694,2.6702492068291232e-3
2043,,,,6704.7562574923,6704.7562574923,1717,2,78.576,4.200428142151967e-3
2044,,,,6709.7562574923,6709.7562574923,1718,2,78.481,3.379639038525989e-3
2045,,,,6713.7562574923,6713.7562574923,1719,2,78.405,2.702377547076894e-3
2046,,,,6714.7562574923,6714.7562574923,1720,2,78.386,6.752858580091344e-4
2047,,,,6715.7562574923,6715.7562574923,1721,2,78.366,7.107562428039963e-4
2048,,,,6718.7562574923,6718.7562574923,1722,2,78.31,1.9900411624094085e-3
2049,,,,6722.7562574923,6722.7562574923,1723,2,78.245,2.30945942190125e-3
2050,,,,6727.7562574923,6727.7562574923,1724,2,78.168,2.7353725919677927e-3
2051,,,,6731.7562574923,6731.7562574923,1725,2,78.122,1.633804457909895e-3
2052,,,,6735.7562574923,6735.7562574923,1726,2,78.095,9.590938184356925e-4
2053,,,,6736.7562574923,6736.7562574923,1727,2,78.091,1.4208086729034357e-4
2054,,,,6738.7562574923,6738.7562574923,1728,2,78.088,1.0658750877267823e-4
2054,,,,6738.7562574923,6738.7562574923,1728,2,78.088,4.191017594734104
