leg,tickLead,tickRace,distance,area
0,-146.0,-146.0,127.763,0.0
0,773.0,773.0,127.745,0.0
0,778.0,778.0,127.722,0.0
1,1652.0,1652.0,127.712,0.0
1,1657.0,1657.0,127.637,0.0
1,1662.0,1662.0,127.568,0.0
1,1667.0,1667.0,127.537,0.0
1,1672.0,1672.0,127.519,0.0
1,1677.0,1677.0,127.493,0.0
1,1682.0,1682.0,127.461,0.0
1,1687.0,1687.0,127.415,0.0
1,1692.0,1692.0,127.329,0.0
1,1697.0,1697.0,127.268,0.0
1,2058.0,2058.0,127.258,0.0
1,2063.0,2063.0,127.16,0.0
1,2068.0,2068.0,127.067,0.0
1,2073.0,2073.0,126.99,0.0
1,2078.0,2078.0,126.909,0.0
1,2084.0,2084.0,126.811,0.0
1,2089.0,2089.0,126.718,0.0
1,2094.0,2094.0,126.63,0.0
1,2099.0,2099.0,126.539,0.0
1,2104.0,2104.0,126.448,0.0
1,2109.0,2109.0,126.409,0.0
1,2129.0,2129.0,126.384,0.0
1,2154.0,2154.0,126.341,0.0
1,2174.0,2174.0,126.286,0.0
1,2194.0,2194.0,126.24,0.0
1,2199.0,2199.0,126.22,0.0
1,2219.0,2219.0,126.197,0.0
1,2224.0,2224.0,126.143,0.0
1,2626.0,2626.0,126.12,0.0
1,2631.0,2631.0,126.027,0.0
1,2636.0,2636.0,125.934,0.0
1,2638.0,2638.0,125.893,0.0
1,2644.0,2644.0,125.77,0.0
1,2649.0,2649.0,125.67,0.0
1,2654.0,2654.0,125.567,0.0
1,2659.0,2659.0,125.468,0.0
1,2664.0,2664.0,125.345,0.0
1,2670.0,2670.0,125.246,0.0
1,2675.0,2675.0,125.143,0.0
1,2680.0,2680.0,125.044,0.0
1,2685.0,2685.0,124.945,0.0
1,2690.0,2690.0,124.843,0.0
1,2695.0,2695.0,124.741,0.0
1,2700.0,2700.0,124.635,0.0
1,2705.0,2705.0,124.532,0.0
1,2710.0,2710.0,124.429,0.0
1,2715.0,2715.0,124.32,0.0
1,2720.0,2720.0,124.212,0.0
1,2725.0,2725.0,124.109,0.0
1,2730.0,2730.0,124.003,0.0
1,2735.0,2735.0,123.894,0.0
1,2740.0,2740.0,123.785,0.0
1,2745.0,2745.0,123.685,0.0
1,2750.0,2750.0,123.598,0.0
1,2755.0,2755.0,123.552,0.0
1,2765.0,2765.0,123.489,0.0
1,2770.0,2770.0,123.462,0.0
1,2805.0,2805.0,123.409,0.0
1,2831.0,2831.0,123.368,0.0
1,2851.0,2851.0,123.312,0.0
1,2856.0,2856.0,123.305,0.0
1,2876.0,2876.0,123.28,0.0
1,2881.0,2881.0,123.246,0.0
1,2901.0,2901.0,123.217,0.0
1,2961.0,2961.0,123.183,0.0
2,4575.0,4575.0,123.164,7.228940469433977e-10
2,4580.0,4580.0,123.032,5.024618267473618e-9
2,4585.0,4585.0,122.908,4.720335473983029e-9
2,4590.0,4590.0,122.781,4.8348698779584845e-9
2,4595.0,4595.0,122.659,4.644867821272953e-9
2,4600.0,4600.0,122.533,4.797526077648174e-9
2,4605.0,4605.0,122.405,4.873920519009933e-9
2,4610.0,4610.0,122.274,4.988288797586717e-9
2,4615.0,4615.0,122.144,4.950293113919651e-9
2,4620.0,4620.0,122.013,4.988444243495474e-9
2,4625.0,4625.0,121.88,5.064602732271743e-9
2,4630.0,4630.0,121.746,5.102606703809839e-9
2,4635.0,4635.0,121.612,5.102497910409656e-9
2,4640.0,4640.0,121.476,5.178489268290878e-9
2,4645.0,4645.0,121.342,5.102159904469463e-9
2,4650.0,4650.0,121.204,5.254226944147978e-9
2,4655.0,4655.0,121.07,5.101688813213953e-9
2,4660.0,4660.0,120.942,4.8732137194108745e-9
2,4665.0,4665.0,120.846,3.6554453477001566e-9
2,4670.0,4670.0,120.76,3.27571204944913e-9
2,4675.0,4675.0,120.683,2.9340643206558057e-9
2,4680.0,4680.0,120.675,3.0505644835067887e-10
2,4700.0,4700.0,120.652,8.80672183622686e-10
2,4705.0,4705.0,120.61,1.6094612058668338e-9
2,4725.0,4725.0,120.525,3.269366898286306e-9
2,4730.0,4730.0,120.486,1.500877626350109e-9
2,4745.0,4745.0,120.461,9.648958086663187e-10
2,4750.0,4750.0,120.375,3.3212084751362233e-9
2,4755.0,4755.0,120.3,2.8975132878970743e-9
2,4760.0,4760.0,120.215,3.2851160527911137e-9
2,4765.0,4765.0,120.116,3.827282893261662e-9
2,4770.0,4770.0,120.016,3.8667944644393655e-9
2,4775.0,4775.0,119.91,4.0995786802667065e-9
2,4780.0,4780.0,119.835,2.9014920814991448e-9
2,4785.0,4785.0,119.762,2.8253278426437897e-9
2,4790.0,4790.0,119.685,2.981386701289919e-9
2,4796.0,4796.0,119.595,3.4866692776894587e-9
2,4801.0,4801.0,119.498,3.758832495410509e-9
2,4806.0,4806.0,119.431,2.5972281764770563e-9
2,4811.0,4811.0,119.358,2.8310999687692354e-9
2,4816.0,4816.0,119.268,3.491639679400104e-9
2,4821.0,4821.0,119.166,3.9581127294421466e-9
2,4826.0,4826.0,119.067,3.842440073934947e-9
2,4831.0,4831.0,118.965,3.959635653263075e-9
2,4836.0,4836.0,118.862,3.999146792907443e-9
2,4841.0,4841.0,118.759,3.999814014319702e-9
2,4846.0,4846.0,118.671,3.4180967047182413e-9
2,4851.0,4851.0,118.579,3.5744398580706253e-9
2,4856.0,4856.0,118.484,3.6918898114043996e-9
2,4861.0,4861.0,118.38,4.042413081159836e-9
2,4866.0,4866.0,118.268,4.353871797798478e-9
2,4871.0,4871.0,118.16,4.1987833333755214e-9
2,4876.0,4876.0,118.05,4.276981117286478e-9
2,4881.0,4881.0,117.94,4.277379308490492e-9
2,4886.0,4886.0,117.823,4.549855925777064e-9
2,4891.0,4891.0,117.705,4.5888608176283555e-9
2,4896.0,4896.0,117.583,4.7444261298005625e-9
2,4901.0,4901.0,117.46,4.7832139471367235e-9
2,4906.0,4906.0,117.343,4.549877649347746e-9
2,4911.0,4911.0,117.229,4.433366419025174e-9
2,4916.0,4916.0,117.118,4.316949044049668e-9
2,4921.0,4921.0,117.016,3.9673516174383186e-9
2,4926.0,4926.0,116.936,3.1123886856152645e-9
2,4931.0,4931.0,116.879,2.2185279191765314e-9
2,4936.0,4936.0,116.843,1.4020384270401522e-9
2,4941.0,4941.0,116.841,7.795724783761944e-11
2,4951.0,4951.0,116.816,9.763249829058847e-10
2,4956.0,4956.0,116.715,3.946207172914838e-9
2,4961.0,4961.0,116.687,1.0944968164543792e-9
2,4981.0,4981.0,116.613,2.90299087963198e-9
2,4986.0,4986.0,116.604,3.5329513674724337e-10
2,5022.0,5022.0,116.601,1.1860923146006834e-10
2,5047.0,5047.0,116.544,2.2642112172011856e-9
2,5052.0,5052.0,116.481,2.503739143361881e-9
2,5057.0,5057.0,116.472,3.5792039162367915e-10
2,5077.0,5077.0,116.391,3.232773978228285e-9
2,5082.0,5082.0,116.306,3.393337385090762e-9
2,5087.0,5087.0,116.219,3.4740279999111885e-9
2,5092.0,5092.0,116.16,2.3567849503108294e-9
2,5097.0,5097.0,116.125,1.398899499717596e-9
2,5102.0,5102.0,116.08,1.799729379169638e-9
2,5107.0,5107.0,116.029,2.040848119514851e-9
2,5112.0,5112.0,115.992,1.4815029978322696e-9
2,5117.0,5117.0,115.97,8.815310491659945e-10
2,5122.0,5122.0,115.959,4.4113344538274696e-10
2,5127.0,5127.0,115.922,1.4849535784961384e-9
2,5132.0,5132.0,115.859,2.5298088094294255e-9
2,5137.0,5137.0,115.791,2.731702839654231e-9
2,5142.0,5142.0,115.722,2.7729319826796938e-9
2,5147.0,5147.0,115.653,2.773973844851704e-9
2,5152.0,5152.0,115.593,2.4131482600885937e-9
2,5157.0,5157.0,115.551,1.6900973372618658e-9
2,5172.0,5172.0,115.533,7.262456914751127e-10
2,5177.0,5177.0,115.473,2.422341371608871e-9
2,5192.0,5192.0,115.43,1.7402650009370168e-9
2,5207.0,5207.0,115.349,3.2858789094331382e-9
2,5228.0,5228.0,115.308,1.6690476896089905e-9
2,5233.0,5233.0,115.23,3.1766585024635573e-9
2,5248.0,5248.0,115.176,2.2042662021365524e-9
2,5253.0,5253.0,115.173,1.225455817613393e-10
2,5263.0,5263.0,115.11,2.5776174856583745e-9
2,5278.0,5278.0,115.064,1.886540589998213e-9
2,5293.0,5293.0,115.009,2.261064284970299e-9
2,5308.0,5308.0,114.985,9.89102577292447e-10
2,5313.0,5313.0,114.943,1.7320628191493743e-9
2,5328.0,5328.0,114.886,2.356278228077601e-9
2,5343.0,5343.0,114.857,1.2017333980011979e-9
2,5348.0,5348.0,114.821,1.4927805513355053e-9
2,5408.0,5408.0,114.808,5.449911387101826e-10
2,5413.0,5413.0,114.756,2.1813624117939556e-9
2,5418.0,5418.0,114.698,2.434138572380731e-9
2,5423.0,5423.0,114.634,2.6869953082076236e-9
2,5428.0,5428.0,114.551,3.4856742044432037e-9
2,5433.0,5433.0,114.454,4.074169329778153e-9
2,5438.0,5438.0,114.367,3.6545760708444824e-9
2,5443.0,5443.0,114.295,3.025154081337195e-9
2,5448.0,5448.0,114.256,1.639334213720837e-9
2,5454.0,5454.0,114.207,2.0611507661336742e-9
2,5459.0,5459.0,114.154,2.2304555419230938e-9
2,5464.0,5464.0,114.091,2.652376575666301e-9
2,5469.0,5469.0,113.997,3.95841100369596e-9
2,5474.0,5474.0,113.889,4.548088062765304e-9
2,5479.0,5479.0,113.782,4.50583686959925e-9
2,5484.0,5484.0,113.676,4.463619833854174e-9
2,5489.0,5489.0,113.565,4.673966254247643e-9
2,5494.0,5494.0,113.454,4.6736535025751015e-9
2,5499.0,5499.0,113.344,4.631250758315495e-9
2,5504.0,5504.0,113.246,4.125987533955316e-9
2,5509.0,5509.0,113.126,5.051954115740323e-9
2,5514.0,5514.0,113.006,5.051178346250681e-9
2,5519.0,5519.0,112.895,4.671799516895603e-9
2,5524.0,5524.0,112.783,4.7135008321557444e-9
2,5529.0,5529.0,112.675,4.544840712744441e-9
2,5534.0,5534.0,112.569,4.460473077302721e-9
2,5539.0,5539.0,112.459,4.628532118360538e-9
2,5544.0,5544.0,112.345,4.796393199788643e-9
2,5549.0,5549.0,112.229,4.87994424068443e-9
2,5554.0,5554.0,112.104,5.257650627924111e-9
2,5559.0,5559.0,111.971,5.59273692605073e-9
2,5564.0,5564.0,111.854,4.918857570333575e-9
2,5569.0,5569.0,111.736,4.960143856512094e-9
2,5574.0,5574.0,111.627,4.5812856072740376e-9
2,5579.0,5579.0,111.514,4.748941842514081e-9
2,5584.0,5584.0,111.408,4.454376032515645e-9
2,5589.0,5589.0,111.299,4.5801230552181546e-9
2,5594.0,5594.0,111.196,4.3277544705200385e-9
2,5599.0,5599.0,111.085,4.663569564720368e-9
2,5604.0,5604.0,110.973,4.705060848999437e-9
2,5609.0,5609.0,110.866,4.494586962725076e-9
2,5614.0,5614.0,110.756,4.620198495969535e-9
2,5619.0,5619.0,110.644,4.703675388695915e-9
2,5624.0,5624.0,110.534,4.619155630866763e-9
2,5629.0,5629.0,110.425,4.576696500015034e-9
2,5634.0,5634.0,110.297,5.373473434595142e-9
2,5639.0,5639.0,110.187,4.616943183542448e-9
2,5644.0,5644.0,110.081,4.448636798814035e-9
2,5649.0,5649.0,109.977,4.364402006167427e-9
2,5654.0,5654.0,109.867,4.6157871924782934e-9
2,5659.0,5659.0,109.759,4.531373625001724e-9
2,5664.0,5664.0,109.65,4.572848905642331e-9
2,5670.0,5670.0,109.547,4.3215302835276185e-9
2,5675.0,5675.0,109.438,4.572875763572031e-9
2,5680.0,5680.0,109.338,4.194987629509136e-9
2,5685.0,5685.0,109.236,4.278699753233796e-9
2,5690.0,5690.0,109.134,4.278465983301815e-9
2,5695.0,5695.0,109.031,4.32014877090446e-9
2,5700.0,5700.0,108.928,4.3198588658803115e-9
2,5705.0,5705.0,108.825,4.319561797984195e-9
2,5710.0,5710.0,108.718,4.486913223534649e-9
2,5715.0,5715.0,108.605,4.737868917220291e-9
2,5720.0,5720.0,108.478,5.3236345583690656e-9
2,5725.0,5725.0,108.369,4.568126042287342e-9
2,5730.0,5730.0,108.275,3.939234296256048e-9
2,5735.0,5735.0,108.176,4.148689045171925e-9
2,5740.0,5740.0,108.075,4.232276780606012e-9
2,5745.0,5745.0,107.974,4.232006620568959e-9
2,5750.0,5750.0,107.872,4.2736080863968245e-9
2,5755.0,5755.0,107.78,3.85451124225928e-9
2,5760.0,5760.0,107.686,3.938326860656295e-9
2,5765.0,5765.0,107.596,3.7707888276040245e-9
2,5770.0,5770.0,107.5,4.022185087636142e-9
2,5775.0,5775.0,107.395,4.398962599647271e-9
2,5780.0,5780.0,107.278,4.900876930924766e-9
2,5785.0,5785.0,107.174,4.355614897964709e-9
2,5790.0,5790.0,107.072,4.27143821659696e-9
2,5795.0,5795.0,106.971,4.229202834342302e-9
2,5800.0,5800.0,106.877,3.935896877845075e-9
2,5805.0,5805.0,106.783,3.935826748012494e-9
2,5810.0,5810.0,106.679,4.354243548158777e-9
2,5815.0,5815.0,106.569,4.604792258079806e-9
2,5820.0,5820.0,106.481,3.683577965923386e-9
2,5825.0,5825.0,106.398,3.4744775883756166e-9
2,5830.0,5830.0,106.294,4.353471646038111e-9
2,5835.0,5835.0,106.198,4.0182536580022625e-9
2,5840.0,5840.0,106.094,4.352737591205996e-9
2,5845.0,5845.0,105.981,4.728627524007993e-9
2,5850.0,5850.0,105.878,4.309458273198896e-9
2,5855.0,5855.0,105.778,4.183503675409771e-9
2,5860.0,5860.0,105.677,4.224930991620993e-9
2,5865.0,5865.0,105.567,4.600740682075078e-9
2,5870.0,5870.0,105.463,4.34908915472026e-9
2,5875.0,5875.0,105.361,4.264918759177813e-9
2,5880.0,5880.0,105.269,3.8465205086326254e-9
2,5885.0,5885.0,105.18,3.7210543328501866e-9
2,5890.0,5890.0,105.092,3.6792735943906514e-9
2,5895.0,5895.0,105.005,3.637521628606511e-9
2,5900.0,5900.0,104.912,3.888349037429746e-9
2,5905.0,5905.0,104.813,4.138928945404165e-9
2,5910.0,5910.0,104.716,4.0549548841907995e-9
2,5915.0,5915.0,104.614,4.2635274682475175e-9
2,5920.0,5920.0,104.52,3.928772448506296e-9
2,5925.0,5925.0,104.418,4.2627379050491095e-9
2,5930.0,5930.0,104.33,3.677412601028032e-9
2,5935.0,5935.0,104.239,3.80272172332309e-9
2,5940.0,5940.0,104.148,3.802604264632309e-9
2,5945.0,5945.0,104.062,3.5936399740336355e-9
2,5950.0,5950.0,103.989,3.0506494417398388e-9
2,5955.0,5955.0,103.881,4.513152498671942e-9
2,5960.0,5960.0,103.783,4.09464468570818e-9
2,5965.0,5965.0,103.692,3.801896455823985e-9
2,5971.0,5971.0,103.603,3.7188492678266604e-9
2,5976.0,5976.0,103.516,3.6352346825305517e-9
2,5981.0,5981.0,103.447,2.883356056170964e-9
2,5986.0,5986.0,103.405,1.7556114247713738e-9
2,6156.0,6156.0,103.352,2.2772849390731783e-9
2,6161.0,6161.0,103.312,1.7193278665977089e-9
2,6166.0,6166.0,103.275,1.5910759258347898e-9
2,6172.0,6172.0,103.238,1.5920536849732027e-9
2,6177.0,6177.0,103.209,1.2484376188025393e-9
2,6182.0,6182.0,103.184,1.0768287552339815e-9
2,6187.0,6187.0,103.16,1.0343460826808501e-9
2,6192.0,6192.0,103.132,1.2074079651715446e-9
2,6197.0,6197.0,103.102,1.294331996312588e-9
2,6202.0,6202.0,103.071,1.3381596096957572e-9
2,6207.0,6207.0,103.046,1.0797376317255602e-9
2,6212.0,6212.0,103.011,1.5124099823214392e-9
2,6217.0,6217.0,102.912,4.278618747403862e-9
2,6222.0,6222.0,102.881,1.340000529600836e-9
2,6237.0,6237.0,102.797,3.6376887910314213e-9
2,6257.0,6257.0,102.79,3.0397825342847854e-10
2,6262.0,6262.0,102.769,9.125391913625527e-10
2,6277.0,6277.0,102.705,2.786580856845106e-9
2,6292.0,6292.0,102.692,5.671642307579711e-10
2,6297.0,6297.0,102.624,2.9678918543002613e-9
2,6312.0,6312.0,102.58,1.9239250972764728e-9
2,6317.0,6317.0,102.575,2.1874878946408608e-10
2,6332.0,6332.0,102.496,3.4630193468498043e-9
2,6348.0,6348.0,102.445,2.239848355718924e-9
2,6363.0,6363.0,102.395,2.2000338646830017e-9
2,6378.0,6378.0,102.361,1.498934791061292e-9
2,6383.0,6383.0,102.3,2.6901248878795828e-9
2,6398.0,6398.0,102.22,3.533887159506112e-9
2,6418.0,6418.0,102.137,3.674937816616269e-9
2,6438.0,6438.0,102.069,3.017943150391715e-9
2,6453.0,6453.0,102.0,3.067400353599348e-9
2,6458.0,6458.0,101.951,2.1787260742302315e-9
2,6478.0,6478.0,101.889,2.763787924434667e-9
2,6493.0,6493.0,101.885,1.786639107240259e-10
2,6498.0,6498.0,101.802,3.708546956261765e-9
2,6518.0,6518.0,101.8,8.960021726257698e-11
2,6523.0,6523.0,101.713,3.89889427375047e-9
2,6574.0,6574.0,101.69,1.0382395318150676e-9
2,6599.0,6599.0,101.622,3.0798724061415836e-9
2,6604.0,6604.0,101.596,1.1779456604885769e-9
2,6634.0,6634.0,101.537,2.6840501892706578e-9
2,6649.0,6649.0,101.52,7.748290429478986e-10
2,6654.0,6654.0,101.461,2.6901275184399057e-9
2,6674.0,6674.0,101.402,2.6966446975672765e-9
2,6689.0,6689.0,101.324,3.5706552538514235e-9
2,6694.0,6694.0,101.223,4.622911378013431e-9
2,6699.0,6699.0,101.113,5.033365803735188e-9
2,6704.0,6704.0,101.002,5.077362855370094e-9
2,6709.0,6709.0,100.875,5.8067218903156094e-9
2,6714.0,6714.0,100.749,5.758067870294143e-9
2,6719.0,6719.0,100.62,5.892093581049626e-9
2,6724.0,6724.0,100.495,5.706434704322846e-9
2,6729.0,6729.0,100.371,5.657978799591365e-9
2,6734.0,6734.0,100.245,5.746347627475672e-9
2,6739.0,6739.0,100.122,5.606727316901692e-9
2,6744.0,6744.0,99.995,5.786126674960684e-9
2,6749.0,6749.0,99.843,6.9206002136081695e-9
2,6754.0,6754.0,99.715,5.8240197602432325e-9
2,6759.0,6759.0,99.588,5.775408058413698e-9
2,6764.0,6764.0,99.469,5.4089215924639384e-9
2,6769.0,6769.0,99.365,4.725319451457348e-9
2,6774.0,6774.0,99.268,4.406066013295605e-9
2,6780.0,6780.0,99.173,4.3148666372971195e-9
2,6785.0,6785.0,99.084,4.041578885525518e-9
2,6790.0,6790.0,98.977,4.857750336882094e-9
2,6795.0,6795.0,98.869,4.901434032669236e-9
2,6800.0,6800.0,98.764,4.763655495582434e-9
2,6805.0,6805.0,98.663,4.5807724711009416e-9
2,6810.0,6810.0,98.56,4.670082668829427e-9
2,6815.0,6815.0,98.456,4.7139325926409696e-9
2,6820.0,6820.0,98.368,3.9877486029953186e-9
2,6825.0,6825.0,98.348,9.064732809933532e-10
2,6845.0,6845.0,98.331,7.726148237762237e-10
2,6860.0,6860.0,98.281,2.2766004228957e-9
2,6875.0,6875.0,98.224,2.599583876389253e-9
2,6895.0,6895.0,98.184,1.8286732257598455e-9
2,6910.0,6910.0,98.129,2.5186769511753414e-9
2,6915.0,6915.0,98.104,1.1452146832305373e-9
2,6930.0,6930.0,98.04,2.936776575365939e-9
2,6945.0,6945.0,98.013,1.2410582834924507e-9
2,6950.0,6950.0,97.949,2.9425192518913394e-9
2,6970.0,6970.0,97.869,3.6860230509209967e-9
2,6975.0,6975.0,97.785,3.86985684994884e-9
2,6981.0,6981.0,97.686,4.560556479047967e-9
2,6986.0,6986.0,97.579,4.927418342960492e-9
2,6991.0,6991.0,97.46,5.477601026466761e-9
2,6996.0,6996.0,97.337,5.658741401254479e-9
2,7001.0,7001.0,97.222,5.28800569931111e-9
2,7006.0,7006.0,97.102,5.5151901657012424e-9
2,7011.0,7011.0,96.981,5.558217089333423e-9
2,7016.0,7016.0,96.86,5.555245591836103e-9
2,7021.0,7021.0,96.737,5.643978864851622e-9
2,7026.0,7026.0,96.616,5.549158142892264e-9
2,7031.0,7031.0,96.494,5.5919639583443455e-9
2,7036.0,7036.0,96.374,5.497306163271174e-9
2,7041.0,7041.0,96.257,5.357091403018661e-9
2,7046.0,7046.0,96.138,5.445854736190447e-9
2,7051.0,7051.0,96.018,5.4886884701618735e-9
2,7056.0,7056.0,95.9,5.394347993976872e-9
2,7061.0,7061.0,95.786,5.208877317949428e-9
2,7066.0,7066.0,95.674,5.115079423047932e-9
2,7071.0,7071.0,95.56,5.203954238582789e-9
2,7076.0,7076.0,95.447,5.155825645244663e-9
2,7081.0,7081.0,95.331,5.29009591544212e-9
2,7086.0,7086.0,95.214,5.3329466370774594e-9
2,7091.0,7091.0,95.093,5.512267563760717e-9
2,7096.0,7096.0,94.978,5.236124664894114e-9
2,7101.0,7101.0,94.863,5.233473591659157e-9
2,7106.0,7106.0,94.751,5.094438184881051e-9
2,7111.0,7111.0,94.639,5.092000252356839e-9
2,7116.0,7116.0,94.527,5.089553850508023e-9
2,7121.0,7121.0,94.415,5.0870989793365415e-9
2,7126.0,7126.0,94.305,4.993891497680969e-9
2,7131.0,7131.0,94.193,5.08227167678239e-9
2,7136.0,7136.0,94.081,5.079791473259285e-9
2,7141.0,7141.0,93.975,4.805457756109546e-9
2,7146.0,7146.0,93.87,4.758111574373737e-9
2,7151.0,7151.0,93.768,4.6203025596741526e-9
2,7156.0,7156.0,93.65,5.342521879347365e-9
2,7161.0,7161.0,93.533,5.29430077117709e-9
2,7166.0,7166.0,93.417,5.246176934710294e-9
2,7171.0,7171.0,93.3,5.288495221809729e-9
2,7176.0,7176.0,93.187,5.104957222439456e-9
2,7181.0,7181.0,93.077,4.966943366716807e-9
2,7186.0,7186.0,92.972,4.738997975276121e-9
2,7191.0,7191.0,92.856,5.232883930991524e-9
2,7196.0,7196.0,92.742,5.139868039688204e-9
2,7201.0,7201.0,92.627,5.182155367036476e-9
2,7206.0,7206.0,92.506,5.449368010810051e-9
2,7211.0,7211.0,92.385,5.446020959184626e-9
2,7216.0,7216.0,92.262,5.532565485342677e-9
2,7221.0,7221.0,92.142,5.394256573897722e-9
2,7226.0,7226.0,92.018,5.57054413968728e-9
2,7231.0,7231.0,91.901,5.252831761305706e-9
2,7236.0,7236.0,91.777,5.5636532659823525e-9
2,7241.0,7241.0,91.664,5.067060285215169e-9
2,7246.0,7246.0,91.559,4.7059823033416734e-9
2,7251.0,7251.0,91.454,4.703832143251906e-9
2,7256.0,7256.0,91.348,4.746426427327363e-9
2,7261.0,7261.0,91.233,5.1467435585250366e-9
2,7266.0,7266.0,91.093,6.261158594529808e-9
2,7271.0,7271.0,90.972,5.4074019283263575e-9
2,7276.0,7276.0,90.851,5.403927962769685e-9
2,7281.0,7281.0,90.73,5.400444112060379e-9
2,7286.0,7286.0,90.606,5.53066756454233e-9
2,7291.0,7291.0,90.489,5.2150933995678964e-9
2,7296.0,7296.0,90.386,4.5886323786978725e-9
2,7301.0,7301.0,90.308,3.4737883488147843e-9
2,7307.0,7307.0,90.287,9.355064698634747e-10
2,7322.0,7322.0,90.282,2.231647480792764e-10
2,7337.0,7337.0,90.28,8.944530358911871e-11
2,7357.0,7357.0,90.223,2.5553047792740066e-9
2,7362.0,7362.0,90.162,2.7346940140475346e-9
2,7367.0,7367.0,90.159,1.3453674090707185e-10
2,7372.0,7372.0,90.15,4.038572762378199e-10
2,7377.0,7377.0,90.072,3.5007803468773337e-9
2,7382.0,7382.0,89.987,3.814085914715963e-9
2,7387.0,7387.0,89.898,3.9924154477581705e-9
2,7392.0,7392.0,89.806,4.125629281579202e-9
2,7397.0,7397.0,89.72,3.855352529230146e-9
2,7402.0,7402.0,89.624,4.302192479552102e-9
2,7407.0,7407.0,89.539,3.8079590322740136e-9
2,7412.0,7412.0,89.447,4.120263316018238e-9
2,7417.0,7417.0,89.35,4.342530845800554e-9
2,7422.0,7422.0,89.251,4.430193565357876e-9
2,7427.0,7427.0,89.158,4.160023678294997e-9
2,7432.0,7432.0,89.069,3.979714117589393e-9
2,7437.0,7437.0,88.975,4.201802633903168e-9
2,7442.0,7442.0,88.879,4.289505281992072e-9
2,7447.0,7447.0,88.785,4.198472514071399e-9
2,7452.0,7452.0,88.679,4.732293247291162e-9
2,7457.0,7457.0,88.574,4.685216969974602e-9
2,7462.0,7462.0,88.489,3.791269523954152e-9
2,7467.0,7467.0,88.432,2.5420440008443174e-9
2,7472.0,7472.0,88.378,2.408352862252509e-9
2,7477.0,7477.0,88.282,4.2807465065931984e-9
2,7482.0,7482.0,88.244,1.6943091336352203e-9
2,7498.0,7498.0,88.191,2.3669480092604422e-9
2,7503.0,7503.0,88.133,2.5903416024526133e-9
2,7518.0,7518.0,88.106,1.20767694795011e-9
2,7523.0,7523.0,88.02,3.846765001873588e-9
2,7543.0,7543.0,87.979,1.8374724481529882e-9
2,7548.0,7548.0,87.96,8.517855784913787e-10
2,7553.0,7553.0,87.899,2.735247250346068e-9
2,7558.0,7558.0,87.81,3.9900062177254565e-9
2,7563.0,7563.0,87.711,4.436505770083774e-9
2,7568.0,7568.0,87.62,4.076278954324784e-9
2,7573.0,7573.0,87.515,4.701244883134691e-9
2,7578.0,7578.0,87.403,5.011754601191992e-9
2,7583.0,7583.0,87.289,5.098020710532961e-9
2,7588.0,7588.0,87.181,4.826746717644494e-9
2,7593.0,7593.0,87.074,4.7793088563959575e-9
2,7598.0,7598.0,86.959,5.133474480340798e-9
2,7603.0,7603.0,86.848,4.9517408061617175e-9
2,7608.0,7608.0,86.733,5.126880578421046e-9
2,7613.0,7613.0,86.612,5.390576212877268e-9
2,7618.0,7618.0,86.502,4.897207613479428e-9
2,7623.0,7623.0,86.398,4.627398734664179e-9
2,7628.0,7628.0,86.303,4.2248550472312485e-9
2,7633.0,7633.0,86.203,4.445106171533776e-9
2,7638.0,7638.0,86.117,3.821170905729385e-9
2,7643.0,7643.0,86.09,1.199668058785498e-9
2,7673.0,7673.0,85.99,4.4573656993243305e-9
2,7678.0,7678.0,85.85,6.235669353118338e-9
2,7684.0,7684.0,85.754,4.2733519965828815e-9
2,7689.0,7689.0,85.751,1.3355205426250122e-10
2,7704.0,7704.0,85.665,3.833970377996748e-9
2,7709.0,7709.0,85.659,2.675162529796825e-10
2,7724.0,7724.0,85.569,4.018298818724337e-9
2,7729.0,7729.0,85.561,3.572087723623397e-10
2,7769.0,7769.0,85.547,6.28269740704863e-10
2,7775.0,7775.0,85.489,2.6037458670445397e-9
2,7790.0,7790.0,85.45,1.753177526180348e-9
2,7795.0,7795.0,85.423,1.2140483951328255e-9
2,7815.0,7815.0,85.387,1.6222860994724848e-9
2,7820.0,7820.0,85.364,1.0367654500761012e-9
2,7840.0,7840.0,85.313,2.303795420050968e-9
2,7845.0,7845.0,85.306,3.163013542121711e-10
2,7865.0,7865.0,85.256,2.2642985181066015e-9
2,7870.0,7870.0,85.163,4.2107394058648116e-9
2,7875.0,7875.0,85.087,3.4398059745172407e-9
2,7880.0,7880.0,85.067,9.052760843493465e-10
2,7900.0,7900.0,84.977,4.081441577806404e-9
2,7906.0,7906.0,84.895,3.717706780789712e-9
2,7911.0,7911.0,84.804,4.124152643952992e-9
2,7916.0,7916.0,84.711,4.212884369007922e-9
2,7921.0,7921.0,84.614,4.391930944642167e-9
2,7926.0,7926.0,84.505,4.932369903262258e-9
2,7931.0,7931.0,84.405,4.522368869773112e-9
2,7936.0,7936.0,84.307,4.4295170713395365e-9
2,7941.0,7941.0,84.202,4.7431872242031525e-9
2,7946.0,7946.0,84.097,4.740258945034088e-9
2,7951.0,7951.0,83.988,4.917675649899588e-9
2,7956.0,7956.0,83.881,4.824271340096723e-9
2,7961.0,7961.0,83.775,4.776120338835794e-9
2,7966.0,7966.0,83.673,4.593070480197331e-9
2,7971.0,7971.0,83.56,5.08505792491296e-9
2,7976.0,7976.0,83.449,4.991495349761986e-9
2,7981.0,7981.0,83.339,4.9430780518838386e-9
2,7986.0,7986.0,83.226,5.074276981059485e-9
2,7991.0,7991.0,83.104,5.474118821685104e-9
2,7996.0,7996.0,82.981,5.514307479782042e-9
2,8001.0,8001.0,82.862,5.3305380560172334e-9
2,8006.0,8006.0,82.746,5.192034367251643e-9
2,8011.0,8011.0,82.628,5.277383334353708e-9
2,8016.0,8016.0,82.504,5.541065778398629e-9
2,8021.0,8021.0,82.386,5.268506410274226e-9
2,8026.0,8026.0,82.265,5.397983709665934e-9
2,8031.0,8031.0,82.16,4.680685340854476e-9
2,8036.0,8036.0,82.029,5.834960933208399e-9
2,8041.0,8041.0,81.922,4.762013046308718e-9
2,8046.0,8046.0,81.813,4.847644030567991e-9
2,8051.0,8051.0,81.71,4.577713079427832e-9
2,8056.0,8056.0,81.609,4.486009764479329e-9
2,8061.0,8061.0,81.516,4.128336273817337e-9
2,8066.0,8066.0,81.418,4.347891360955897e-9
2,8071.0,8071.0,81.319,4.3896664217826205e-9
2,8076.0,8076.0,81.226,4.121312485716824e-9
2,8081.0,8081.0,81.127,4.384734389063819e-9
2,8086.0,8086.0,81.026,4.470568666722514e-9
2,8091.0,8091.0,80.921,4.6445867477993854e-9
2,8096.0,8096.0,80.818,4.553078614227827e-9
2,8101.0,8101.0,80.714,4.594235072647697e-9
2,8106.0,8106.0,80.613,4.458797019757352e-9
2,8111.0,8111.0,80.509,4.5882308004392844e-9
2,8116.0,8116.0,80.405,4.585132385467366e-9
2,8121.0,8121.0,80.299,4.670084444997236e-9
2,8126.0,8126.0,80.19,4.7987846176747e-9
2,8131.0,8131.0,80.083,4.707288065550428e-9
2,8136.0,8136.0,79.98,4.528160252468812e-9
2,8141.0,8141.0,79.88,4.3933948289289555e-9
2,8146.0,8146.0,79.775,4.609978501615415e-9
2,8151.0,8151.0,79.669,4.650585258080334e-9
2,8156.0,8156.0,79.566,4.515809835957523e-9
2,8161.0,8161.0,79.464,4.468947777798282e-9
2,8166.0,8166.0,79.357,4.684721206582176e-9
2,8171.0,8171.0,79.251,4.6375524637870655e-9
2,8176.0,8176.0,79.127,5.420509295098535e-9
2,8181.0,8181.0,79.029,4.2805621991559695e-9
2,8186.0,8186.0,78.938,3.9724841601713664e-9
2,8192.0,8192.0,78.847,3.970815616990326e-9
2,8197.0,8197.0,78.743,4.535232968432936e-9
2,8202.0,8202.0,78.638,4.575557692379304e-9
2,8207.0,8207.0,78.545,4.0500056268572335e-9
2,8212.0,8212.0,78.441,4.526118028280708e-9
2,8217.0,8217.0,78.345,4.175172962728646e-9
2,8222.0,8222.0,78.243,4.433214984769663e-9
2,8227.0,8227.0,78.138,4.560342419534452e-9
2,8232.0,8232.0,78.041,4.210002996245042e-9
2,8237.0,8237.0,77.936,4.554089896700561e-9
2,8242.0,8242.0,77.834,4.42078376845636e-9
2,8247.0,8247.0,77.737,4.201255009409042e-9
2,8252.0,8252.0,77.636,4.371583877152177e-9
2,8257.0,8257.0,77.539,4.19564219176761e-9
2,8260.0,8260.0,77.488,2.204652968396261e-9
3,8276.0,8276.0,77.414,3.202520349404348e-9
3,8281.0,8281.0,77.332,3.5473067068255644e-9
3,8286.0,8286.0,77.243,3.848193147661133e-9
3,8291.0,8291.0,77.156,3.75970112302311e-9
3,8296.0,8296.0,77.061,4.103054355114637e-9
3,8301.0,8301.0,76.97,3.927919804276837e-9
3,8306.0,8306.0,76.876,4.05497947770344e-9
3,8311.0,8311.0,76.778,4.224797521189119e-9
3,8316.0,8316.0,76.679,4.265000143677008e-9
3,8321.0,8321.0,76.578,4.348103637043589e-9
3,8326.0,8326.0,76.478,4.301990399769646e-9
3,8331.0,8331.0,76.379,4.255987384890422e-9
3,8336.0,8336.0,76.277,4.381818931359177e-9
3,8341.0,8341.0,76.177,4.292789726352944e-9
3,8346.0,8346.0,76.075,4.375465154807849e-9
3,8351.0,8351.0,75.986,3.815302733433324e-9
3,8356.0,8356.0,75.89,4.112836887246534e-9
3,8361.0,8361.0,75.794,4.1100953802536675e-9
3,8366.0,8366.0,75.704,3.850790931304366e-9
3,8371.0,8371.0,75.614,3.848514392186233e-9
3,8376.0,8376.0,75.535,3.3763830342319887e-9
3,8381.0,8381.0,75.451,3.588347364128588e-9
3,8386.0,8386.0,75.365,3.671837040239839e-9
3,8391.0,8391.0,75.275,3.8404242972740854e-9
3,8396.0,8396.0,75.187,3.7528793576536385e-9
3,8401.0,8401.0,75.1,3.7081246416313195e-9
3,8406.0,8406.0,74.997,4.387137979474742e-9
3,8411.0,8411.0,74.913,3.5755280904968997e-9
3,8416.0,8416.0,74.84,3.105895142003245e-9
3,8421.0,8421.0,74.759,3.444768553008235e-9
3,8426.0,8426.0,74.676,3.528048495854302e-9
3,8431.0,8431.0,74.61,2.8043019734741377e-9
3,8436.0,8436.0,74.559,2.166546410254954e-9
3,8442.0,8442.0,74.498,2.591255459519154e-9
3,8447.0,8447.0,74.424,3.142503319806477e-9
3,8452.0,8452.0,74.349,3.183666323587931e-9
3,8457.0,8457.0,74.284,2.7582117360432903e-9
3,8492.0,8492.0,74.258,1.1071724526854956e-9
3,8497.0,8497.0,74.201,2.427334764554812e-9
3,8502.0,8502.0,74.146,2.341775345266709e-9
3,8507.0,8507.0,74.131,6.387400583519909e-10
3,8552.0,8552.0,74.117,5.991937049510983e-10
3,9059.0,9059.0,74.06,2.5829653739672596e-9
3,9064.0,9064.0,73.974,3.895493585327752e-9
3,9069.0,9069.0,73.893,3.666893981770767e-9
3,9074.0,9074.0,73.798,4.2979274718054e-9
3,9079.0,9079.0,73.7,4.43029753933272e-9
3,9084.0,9084.0,73.611,4.020545496995349e-9
3,9089.0,9089.0,73.521,4.06301497019183e-9
3,9094.0,9094.0,73.424,4.375867553193701e-9
3,9099.0,9099.0,73.329,4.282397033659784e-9
3,9104.0,9104.0,73.233,4.324217559776162e-9
3,9109.0,9109.0,73.137,4.320924511869195e-9
3,9114.0,9114.0,73.043,4.227732558566036e-9
3,9119.0,9119.0,72.948,4.269525143884399e-9
3,9124.0,9124.0,72.858,4.0419026850599025e-9
3,9129.0,9129.0,72.771,3.904568067278322e-9
3,9134.0,9134.0,72.681,4.0365086281368965e-9
3,9139.0,9139.0,72.583,4.392031264094344e-9
3,9144.0,9144.0,72.481,4.567501607161716e-9
3,9149.0,9149.0,72.378,4.608281562333625e-9
3,9154.0,9154.0,72.277,4.5149027760896726e-9
3,9159.0,9159.0,72.175,4.555693116209537e-9
3,9164.0,9164.0,72.071,4.640928417079771e-9
3,9169.0,9169.0,71.974,4.324885021211865e-9
3,9174.0,9174.0,71.846,5.701257558355134e-9
3,9179.0,9179.0,71.735,4.938533379810226e-9
3,9184.0,9184.0,71.63,4.667098687689712e-9
3,9189.0,9189.0,71.533,4.307779324004609e-9
3,9194.0,9194.0,71.426,4.747691048063366e-9
3,9199.0,9199.0,71.322,4.6102731947047204e-9
3,9204.0,9204.0,71.217,4.650314100514237e-9
3,9209.0,9209.0,71.109,4.778627119991859e-9
3,9214.0,9214.0,71.006,4.553108746964163e-9
3,9220.0,9220.0,70.906,4.41705404294054e-9
3,9225.0,9225.0,70.803,4.545521371781357e-9
3,9230.0,9230.0,70.702,4.4532546662248255e-9
3,9235.0,9235.0,70.604,4.317240568906556e-9
3,9240.0,9240.0,70.507,4.269600554383188e-9
3,9245.0,9245.0,70.409,4.309987089739183e-9
3,9250.0,9250.0,70.308,4.4380515793413186e-9
3,9255.0,9255.0,70.211,4.258590480833596e-9
3,9260.0,9260.0,70.115,4.211172549569134e-9
3,9265.0,9265.0,70.022,4.076278604485629e-9
3,9270.0,9270.0,69.925,4.248129356358328e-9
3,9275.0,9275.0,69.829,4.20080062086205e-9
3,9280.0,9280.0,69.733,4.197290853340866e-9
3,9285.0,9285.0,69.632,4.41204234669606e-9
3,9290.0,9290.0,69.552,3.4920277450903817e-9
3,9295.0,9295.0,69.461,3.9694366332142605e-9
3,9300.0,9300.0,69.368,4.053486805246573e-9
3,9305.0,9305.0,69.284,3.6585119098062855e-9
3,9310.0,9310.0,69.195,3.873524234722941e-9
3,9315.0,9315.0,69.114,3.52290547513533e-9
3,9320.0,9320.0,69.031,3.6075457434215653e-9
3,9325.0,9325.0,68.95,3.518323901044307e-9
3,9330.0,9330.0,68.868,3.5594599477136993e-9
3,9335.0,9335.0,68.796,3.1235601551717825e-9
3,9340.0,9340.0,68.72,3.2953107185078338e-9
3,9345.0,9345.0,68.653,2.9036091893521004e-9
3,9350.0,9350.0,68.584,2.9889220474232793e-9
3,9355.0,9355.0,68.513,3.0740629965952114e-9
3,9360.0,9360.0,68.44,3.1590240340877807e-9
3,9365.0,9365.0,68.367,3.1573420414323883e-9
3,9370.0,9370.0,68.287,3.458076507303753e-9
3,9375.0,9375.0,68.225,2.6786530549936263e-9
3,9380.0,9380.0,68.189,1.5550592968446364e-9
3,9651.0,9651.0,68.141,2.1320022508335482e-9
3,9656.0,9656.0,68.06,3.5962116477334367e-9
3,9661.0,9661.0,67.975,3.771154626718599e-9
3,9666.0,9666.0,67.883,4.07851915407702e-9
3,9671.0,9671.0,67.798,3.765234383376115e-9
3,9676.0,9676.0,67.712,3.806697153569633e-9
3,9681.0,9681.0,67.622,3.980634648907536e-9
3,9686.0,9686.0,67.533,3.933229242539392e-9
3,9691.0,9691.0,67.448,3.753555413386275e-9
3,9696.0,9696.0,67.36,3.8830556591820476e-9
3,9701.0,9701.0,67.271,3.9240474836190325e-9
3,9706.0,9706.0,67.177,4.140999307980282e-9
3,9712.0,9712.0,67.08,4.269726114532525e-9
3,9717.0,9717.0,66.983,4.26575139773691e-9
3,9722.0,9722.0,66.89,4.086149312272881e-9
3,9727.0,9727.0,66.792,4.301902836121483e-9
3,9732.0,9732.0,66.697,4.1663318273457694e-9
3,9737.0,9737.0,66.603,4.118753909491047e-9
3,9742.0,9742.0,66.506,4.246292937671111e-9
3,9747.0,9747.0,66.412,4.111168609743566e-9
3,9752.0,9752.0,66.319,4.063793943225218e-9
3,9757.0,9757.0,66.23,3.88566574180997e-9
3,9762.0,9762.0,66.157,3.184855079334102e-9
3,9767.0,9767.0,66.107,2.180497112697681e-9
3,10112.0,10112.0,66.031,3.4281597656301867e-9
3,10117.0,10117.0,65.932,4.461920169386863e-9
3,10122.0,10122.0,65.838,4.232465275038151e-9
3,10128.0,10128.0,65.741,4.363798408081402e-9
3,10133.0,10133.0,65.641,4.494243330025243e-9
3,10138.0,10138.0,65.543,4.399890849061215e-9
3,10143.0,10143.0,65.444,4.440301773657997e-9
3,10148.0,10148.0,65.341,4.614857456713161e-9
3,10153.0,10153.0,65.244,4.341522788778748e-9
3,10158.0,10158.0,65.151,4.15848143406602e-9
3,10163.0,10163.0,65.055,4.288513949858936e-9
3,10168.0,10168.0,64.962,4.150508410061777e-9
3,10173.0,10173.0,64.859,4.592127000787632e-9
3,10178.0,10178.0,64.752,4.765086149083461e-9
3,10183.0,10183.0,64.649,4.58176987212788e-9
3,10188.0,10188.0,64.543,4.709915268512601e-9
3,10193.0,10193.0,64.439,4.6158016864726475e-9
3,10198.0,10198.0,64.333,4.699211423892132e-9
3,10203.0,10203.0,64.229,4.605285055487172e-9
3,10208.0,10208.0,64.124,4.644282784400748e-9
3,10213.0,10213.0,64.026,4.329928144560741e-9
3,10218.0,10218.0,63.921,4.634127472613061e-9
3,10223.0,10223.0,63.813,4.7609245593094e-9
3,10228.0,10228.0,63.701,4.931162138800371e-9
3,10233.0,10233.0,63.601,4.397652129010272e-9
3,10238.0,10238.0,63.517,3.6904908571677376e-9
3,10243.0,10243.0,63.448,3.0293046507620336e-9
3,10323.0,10323.0,63.429,8.400886179740065e-10
3,10328.0,10328.0,63.348,3.580340983859222e-9
3,10333.0,10333.0,63.247,4.460124968771185e-9
3,10338.0,10338.0,63.152,4.190698748046951e-9
3,10343.0,10343.0,63.054,4.318523367022028e-9
3,10348.0,10348.0,62.958,4.225929317022583e-9
3,10353.0,10353.0,62.871,3.826034509806347e-9
3,10358.0,10358.0,62.774,4.261627858241455e-9
3,10363.0,10363.0,62.686,3.8623900058144365e-9
3,10368.0,10368.0,62.593,4.077921734600137e-9
3,10373.0,10373.0,62.509,3.6798539977111783e-9
3,10378.0,10378.0,62.42,3.8953780058687695e-9
3,10383.0,10383.0,62.315,4.5907448491509025e-9
3,10388.0,10388.0,62.232,3.625149951251038e-9
3,10393.0,10393.0,62.142,3.927314760079226e-9
3,10398.0,10398.0,62.048,4.0977642094422905e-9
3,10403.0,10403.0,61.964,3.6583416990940194e-9
3,10408.0,10408.0,61.879,3.6986253702510066e-9
3,10413.0,10413.0,61.795,3.651877769756393e-9
3,10418.0,10418.0,61.711,3.6486681589973074e-9
3,10423.0,10423.0,61.618,4.0357436077124565e-9
3,10428.0,10428.0,61.517,4.378109124282247e-9
3,10433.0,10433.0,61.417,4.329760672199485e-9
3,10438.0,10438.0,61.32,4.1951471781511725e-9
3,10444.0,10444.0,61.233,3.759176644817523e-9
3,10449.0,10449.0,61.138,4.100714318521647e-9
3,10454.0,10454.0,61.044,4.053220684983464e-9
3,10459.0,10459.0,60.949,4.091959728091337e-9
3,10464.0,10464.0,60.854,4.087539782264658e-9
3,10469.0,10469.0,60.754,4.297837757676121e-9
3,10474.0,10474.0,60.656,4.207031613560499e-9
3,10479.0,10479.0,60.558,4.202245010074213e-9
3,10484.0,10484.0,60.459,4.24024802587671e-9
3,10489.0,10489.0,60.362,4.149835836312e-9
3,10494.0,10494.0,60.262,4.27324169228944e-9
3,10499.0,10499.0,60.171,3.884342387086809e-9
3,10504.0,10504.0,60.083,3.75249038021427e-9
3,10509.0,10509.0,59.988,4.04674460222786e-9
3,10514.0,10514.0,59.885,4.3823720277962955e-9
3,10519.0,10519.0,59.782,4.376921469096054e-9
3,10524.0,10524.0,59.684,4.159430853783751e-9
3,10529.0,10529.0,59.585,4.196938152983261e-9
3,10534.0,10534.0,59.487,4.149652305420815e-9
3,10539.0,10539.0,59.385,4.313817988559569e-9
3,10544.0,10544.0,59.292,3.9285978653967255e-9
3,10549.0,10549.0,59.197,4.008626590717625e-9
3,10554.0,10554.0,59.102,4.004095616680782e-9
3,10559.0,10559.0,59.004,4.125755600213083e-9
3,10564.0,10564.0,58.919,3.574608705076153e-9
3,10569.0,10569.0,58.824,3.990940669109498e-9
3,10574.0,10574.0,58.725,4.154092001467649e-9
3,10579.0,10579.0,58.629,4.023429708710392e-9
3,10584.0,10584.0,58.537,3.8514293284242994e-9
3,10589.0,10589.0,58.445,3.84719756216416e-9
3,10594.0,10594.0,58.356,3.717741654699906e-9
3,10599.0,10599.0,58.268,3.6721310208227045e-9
3,10604.0,10604.0,58.177,3.7932776113819924e-9
3,10609.0,10609.0,58.086,3.7891346450382935e-9
3,10614.0,10614.0,57.993,3.8681059489442646e-9
3,10619.0,10619.0,57.896,4.029769834790613e-9
3,10624.0,10624.0,57.802,3.900537327705475e-9
3,10629.0,10629.0,57.712,3.730372582099425e-9
3,10634.0,10634.0,57.617,3.933158596203223e-9
3,10639.0,10639.0,57.523,3.887206021093638e-9
3,10644.0,10644.0,57.433,3.7175917027787237e-9
3,10649.0,10649.0,57.361,2.971277291290593e-9
3,10654.0,10654.0,57.257,4.287276850710919e-9
3,10659.0,10659.0,57.166,3.7467425791210145e-9
3,10664.0,10664.0,57.06,4.358867239106685e-9
3,10669.0,10669.0,56.965,3.9014861763989026e-9
3,10674.0,10674.0,56.872,3.814839407130989e-9
3,10679.0,10679.0,56.78,3.769451568309602e-9
3,10684.0,10684.0,56.69,3.68332562816054e-9
3,10689.0,10689.0,56.592,4.005961137525675e-9
3,10694.0,10694.0,56.495,3.960110171745768e-9
3,10700.0,10700.0,56.413,3.3442983594140127e-9
3,10705.0,10705.0,56.331,3.3410012189000748e-9
3,10710.0,10710.0,56.242,3.6223998613041743e-9
3,10715.0,10715.0,56.148,3.8214692677554275e-9
3,10720.0,10720.0,56.062,3.492267241133833e-9
3,10725.0,10725.0,55.967,3.8533107729003964e-9
3,10730.0,10730.0,55.873,3.808091764307339e-9
3,10735.0,10735.0,55.797,3.075635240147815e-9
3,10740.0,10740.0,55.711,3.4768938367253736e-9
3,10745.0,10745.0,55.654,2.302569077867813e-9
3,10765.0,10765.0,55.647,2.8313516510460814e-10
3,11166.0,11166.0,55.624,9.64695209225659e-10
3,11171.0,11171.0,55.526,4.10780922321467e-9
3,11176.0,11176.0,55.423,4.3115128140278675e-9
3,11181.0,11181.0,55.318,4.388954298203806e-9
3,11186.0,11186.0,55.216,4.25748909688553e-9
3,11191.0,11191.0,55.116,4.168243270031457e-9
3,11196.0,11196.0,55.019,4.037779988749817e-9
3,11201.0,11201.0,54.921,4.0740023642997224e-9
3,11206.0,11206.0,54.827,3.902633403664764e-9
3,11211.0,11211.0,54.731,3.980543298100026e-9
3,11216.0,11216.0,54.642,3.6857069620555734e-9
3,11221.0,11221.0,54.54,4.218571853955798e-9
3,11226.0,11226.0,54.436,4.295086466670248e-9
3,11231.0,11231.0,54.335,4.165197446458183e-9
3,11236.0,11236.0,54.241,3.8712934543244014e-9
3,11241.0,11241.0,54.152,3.6608241018113864e-9
3,11246.0,11246.0,54.065,3.574336970173121e-9
3,11251.0,11251.0,53.985,3.2831335870247787e-9
3,11256.0,11256.0,53.905,3.2797288164275983e-9
3,11261.0,11261.0,53.83,3.0716922997219545e-9
3,11266.0,11266.0,53.761,2.8234327818940906e-9
3,11271.0,11271.0,53.688,2.984491587252992e-9
3,11276.0,11276.0,53.61,3.1858400527903712e-9
3,11281.0,11281.0,53.533,3.1418453057445138e-9
3,11286.0,11286.0,53.455,3.1794528488785957e-9
3,11291.0,11291.0,53.377,3.1762233938138213e-9
3,11296.0,11296.0,53.295,3.3355821801736272e-9
3,11301.0,11301.0,53.216,3.2101187590818067e-9
3,11306.0,11306.0,53.14,3.085085751039717e-9
3,11311.0,11311.0,53.067,2.960463256648454e-9
3,11316.0,11316.0,52.998,2.7957401082212283e-9
3,11321.0,11321.0,52.926,2.914703151941445e-9
3,11326.0,11326.0,52.854,2.912026263509141e-9
3,11331.0,11331.0,52.771,3.353480034410738e-9
3,11336.0,11336.0,52.668,4.1560523702270015e-9
3,11341.0,11341.0,52.577,3.666712730284796e-9
3,11346.0,11346.0,52.493,3.3805196810245985e-9
3,11351.0,11351.0,52.406,3.4970947204140894e-9
3,11356.0,11356.0,52.328,3.131773522894523e-9
3,11361.0,11361.0,52.259,2.767744697998888e-9
3,11367.0,11367.0,52.212,1.8841789210489735e-9
3,11372.0,11372.0,52.147,2.6041307614654868e-9
3,11377.0,11377.0,52.055,3.6819196883524896e-9
3,11382.0,11382.0,51.952,4.11624339458153e-9
3,11387.0,11387.0,51.866,3.432125035423242e-9
3,11392.0,11392.0,51.802,2.5515691432254535e-9
3,11397.0,11397.0,51.732,2.788394725688014e-9
3,11402.0,11402.0,51.659,2.905154968835204e-9
3,11427.0,11427.0,51.611,1.9121867869292146e-9
3,11432.0,11432.0,51.514,3.8604735635001475e-9
3,11437.0,11437.0,51.42,3.73578174499043e-9
3,11442.0,11442.0,51.331,3.5323251904432673e-9
3,11447.0,11447.0,51.254,3.0524526927703357e-9
3,11452.0,11452.0,51.17,3.326174494728146e-9
3,11457.0,11457.0,51.084,3.401201338740012e-9
3,11462.0,11462.0,50.991,3.6732070773143635e-9
3,11467.0,11467.0,50.892,3.904535742604045e-9
3,11472.0,11472.0,50.79,4.016669153477116e-9
3,11477.0,11477.0,50.692,3.8532407644976104e-9
3,11482.0,11482.0,50.599,3.6513546809475817e-9
3,11487.0,11487.0,50.5,3.881247579611635e-9
3,11492.0,11492.0,50.404,3.758009764758152e-9
3,11497.0,11497.0,50.312,3.5962800102424356e-9
3,11502.0,11502.0,50.216,3.747264163889133e-9
3,11507.0,11507.0,50.113,4.014287679585447e-9
3,11512.0,11512.0,50.009,4.046656190533765e-9
3,11517.0,11517.0,49.919,3.496646613169564e-9
3,11522.0,11522.0,49.824,3.68567107066489e-9
3,11527.0,11527.0,49.72,4.028537324261217e-9
3,11532.0,11532.0,49.606,4.4081371920506665e-9
3,11537.0,11537.0,49.504,3.9372519945560705e-9
3,11542.0,11542.0,49.402,3.930850720251486e-9
3,11547.0,11547.0,49.298,4.001311192620557e-9
3,11552.0,11552.0,49.197,3.879496904620365e-9
3,11557.0,11557.0,49.105,3.5284012366213995e-9
3,11562.0,11562.0,49.013,3.5233204995587222e-9
3,11567.0,11567.0,48.921,3.518234047863624e-9
3,11572.0,11572.0,48.818,3.932748844548244e-9
3,11577.0,11577.0,48.72,3.735757064042676e-9
3,11582.0,11582.0,48.624,3.6538158282897685e-9
3,11587.0,11587.0,48.532,3.496319655159246e-9
3,11592.0,11592.0,48.437,3.6049360575571015e-9
3,11597.0,11597.0,48.34,3.675125869318353e-9
3,11602.0,11602.0,48.235,3.971637001928936e-9
3,11607.0,11607.0,48.125,4.153288810855383e-9
3,11612.0,11612.0,48.02,3.9573612887310154e-9
3,11617.0,11617.0,47.926,3.5369700940621142e-9
3,11622.0,11622.0,47.834,3.4564916095600506e-9
3,11627.0,11627.0,47.745,3.338895544768689e-9
3,11632.0,11632.0,47.656,3.3341105698916886e-9
3,11637.0,11637.0,47.568,3.2919467248934022e-9
3,11642.0,11642.0,47.479,3.324594532944497e-9
3,11647.0,11647.0,47.392,3.2452598561108865e-9
3,11652.0,11652.0,47.307,3.166266498543405e-9
3,11657.0,11657.0,47.227,2.9760997893409585e-9
3,11662.0,11662.0,47.122,3.900158966290247e-9
3,11667.0,11667.0,47.032,3.3375144415686814e-9
3,11672.0,11672.0,46.945,3.2215789559655782e-9
3,11677.0,11677.0,46.85,3.5125073718040482e-9
3,11682.0,11682.0,46.759,3.3593779800512738e-9
3,11687.0,11687.0,46.675,3.0964918627130026e-9
3,11692.0,11692.0,46.588,3.2025809189744597e-9
3,11697.0,11697.0,46.503,3.124523406171583e-9
3,11702.0,11702.0,46.424,2.9000919852137047e-9
3,11707.0,11707.0,46.34,3.079548461546612e-9
3,11712.0,11712.0,46.247,3.4044479267650243e-9
3,11718.0,11718.0,46.172,2.7419447101676056e-9
3,11723.0,11723.0,46.107,2.3737647280105496e-9
3,11728.0,11728.0,46.042,2.3714316493744646e-9
3,11733.0,11733.0,45.971,2.5876127432367475e-9
3,11738.0,11738.0,45.92,1.85703432051985e-9
3,12350.0,12350.0,45.829,3.480906520617802e-9
3,12355.0,12355.0,45.725,3.971330979094426e-9
3,12360.0,12360.0,45.614,4.23038967237143e-9
3,12365.0,12365.0,45.498,4.41174458202588e-9
3,12370.0,12370.0,45.384,4.3264839596070756e-9
3,12375.0,12375.0,45.269,4.355197958829331e-9
3,12380.0,12380.0,45.16,4.119433932551763e-9
3,12385.0,12385.0,45.048,4.2241736090153e-9
3,12390.0,12390.0,44.935,4.252975582286946e-9
3,12395.0,12395.0,44.821,4.281515725591189e-9
3,12400.0,12400.0,44.699,4.571768810896075e-9
3,12405.0,12405.0,44.579,4.486473826412488e-9
3,12410.0,12410.0,44.462,4.364458247834997e-9
3,12415.0,12415.0,44.344,4.391912826306378e-9
3,12420.0,12420.0,44.237,3.974006960504626e-9
3,12425.0,12425.0,44.131,3.928981281061631e-9
3,12430.0,12430.0,44.018,4.179743519678046e-9
3,12435.0,12435.0,43.905,4.1707043249769235e-9
3,12440.0,12440.0,43.794,4.088092101784804e-9
3,12445.0,12445.0,43.691,3.785719158761876e-9
3,12450.0,12450.0,43.589,3.7416824930897996e-9
3,12455.0,12455.0,43.482,3.917271862118586e-9
3,12460.0,12460.0,43.373,3.982190537328361e-9
3,12465.0,12465.0,43.264,3.973789495403352e-9
3,12470.0,12470.0,43.16,3.78370115022876e-9
3,12475.0,12475.0,43.055,3.812372753546574e-9
3,12480.0,12480.0,42.949,3.8408007014414735e-9
3,12485.0,12485.0,42.822,4.591085833937569e-9
3,12490.0,12490.0,42.715,3.859072179127069e-9
3,12495.0,12495.0,42.611,3.743119201981746e-9
3,12500.0,12500.0,42.51,3.627862136992921e-9
3,12505.0,12505.0,42.406,3.728114437293591e-9
3,12510.0,12510.0,42.303,3.6847392493015738e-9
3,12515.0,12515.0,42.204,3.5346092056087695e-9
3,12520.0,12520.0,42.102,3.634508224433579e-9
3,12525.0,12525.0,42.003,3.5206059242239688e-9
3,12531.0,12531.0,41.901,3.6203556708200483e-9
3,12536.0,12536.0,41.798,3.648372290371118e-9
3,12541.0,12541.0,41.702,3.3936929599479026e-9
3,12546.0,12546.0,41.608,3.316751562610612e-9
3,12551.0,12551.0,41.512,3.3809423720959166e-9
3,12556.0,12556.0,41.415,3.409586139501855e-9
3,12561.0,12561.0,41.315,3.508083412096156e-9
3,12566.0,12566.0,41.217,3.431058885757908e-9
3,12571.0,12571.0,41.11,3.738337998870366e-9
3,12576.0,12576.0,41.007,3.5908354112273995e-9
3,12581.0,12581.0,40.907,3.479012324793627e-9
3,12586.0,12586.0,40.799,3.749281973146503e-9
3,12591.0,12591.0,40.695,3.602482413303231e-9
3,12596.0,12596.0,40.602,3.2149394017332696e-9
3,12601.0,12601.0,40.503,3.415627534913375e-9
3,12606.0,12606.0,40.398,3.6149572260388487e-9
3,12611.0,12611.0,40.297,3.469766075595317e-9
3,12616.0,12616.0,40.188,3.736334910767302e-9
3,12621.0,12621.0,40.083,3.5910744609499856e-9
3,12626.0,12626.0,39.971,3.821637727484634e-9
3,12631.0,12631.0,39.864,3.6424828328236257e-9
3,12636.0,12636.0,39.763,3.43063106461549e-9
3,12641.0,12641.0,39.662,3.423282183118909e-9
3,12646.0,12646.0,39.565,3.2808078406933116e-9
3,12651.0,12651.0,39.468,3.274068253010242e-9
3,12656.0,12656.0,39.37,3.3009641776250968e-9
3,12661.0,12661.0,39.272,3.294058483279303e-9
3,12666.0,12666.0,39.175,3.2536454710931913e-9
3,12671.0,12671.0,39.08,3.1800156926331194e-9
3,12676.0,12676.0,38.981,3.307000090290653e-9
3,12681.0,12681.0,38.888,3.1001572251859383e-9
3,12686.0,12686.0,38.799,2.9610499644634435e-9
3,12691.0,12691.0,38.73,2.291879543662841e-9
3,12696.0,12696.0,38.667,2.0898458907620863e-9
3,12701.0,12701.0,38.607,1.98794896602907e-9
3,12706.0,12706.0,38.575,1.0593940480415116e-9
3,12987.0,12987.0,38.56,5.07264248335595e-10
3,12992.0,12992.0,38.481,2.6693633027144203e-9
3,12997.0,12997.0,38.4,2.7323091253527696e-9
3,13002.0,13002.0,38.322,2.6266811116332967e-9
3,13007.0,13007.0,38.235,2.9245831308826976e-9
3,13012.0,13012.0,38.157,2.617394640407399e-9
3,13017.0,13017.0,38.081,2.546118795819212e-9
3,13022.0,13022.0,38.004,2.5754322653113617e-9
3,13027.0,13027.0,37.927,2.571206332209643e-9
3,13032.0,13032.0,37.839,2.93326144754187e-9
3,13037.0,13037.0,37.758,2.69494506530512e-9
3,13042.0,13042.0,37.675,2.756552952264902e-9
3,13047.0,13047.0,37.598,2.5528381644781674e-9
3,13052.0,13052.0,37.53,2.2509739887092057e-9
4,13054.0,13054.0,37.523,2.3152205891861993e-10
4,13080.0,13080.0,37.474,1.6226706704869886e-9
4,13085.0,13085.0,37.409,2.150071932071827e-9
4,13090.0,13090.0,37.348,2.0151344031247778e-9
4,13095.0,13095.0,37.283,2.1444740310807074e-9
4,13100.0,13100.0,37.213,2.3061362427097004e-9
4,13105.0,13105.0,37.142,2.3355449121148363e-9
4,13110.0,13110.0,37.06,2.692866517246593e-9
4,13115.0,13115.0,36.977,2.7206825501180703e-9
4,13120.0,13120.0,36.897,2.617568816794348e-9
4,13125.0,13125.0,36.816,2.6455202413591334e-9
4,13130.0,13130.0,36.728,2.8686483664002684e-9
4,13135.0,13135.0,36.677,1.6600018321351618e-9
4,13482.0,13482.0,36.631,1.5347802318967553e-9
4,13487.0,13487.0,36.546,2.831988955639065e-9
4,13492.0,13492.0,36.472,2.4610512437245888e-9
4,13497.0,13497.0,36.406,2.1915949967715e-9
4,13502.0,13502.0,36.373,1.0947143187908837e-9
4,13507.0,13507.0,36.349,7.958269225028151e-10
4,13512.0,13512.0,36.3,1.6237831425704287e-9
4,13537.0,13537.0,36.298,6.635287608386716e-11
4,13899.0,13899.0,36.257,1.3957814724965345e-9
4,13904.0,13904.0,36.176,2.7538730891037077e-9
4,13909.0,13909.0,36.099,2.6131082662880587e-9
4,13914.0,13914.0,36.022,2.6084777415126854e-9
4,13919.0,13919.0,35.946,2.5700627792151174e-9
4,13924.0,13924.0,35.862,2.8352985953249235e-9
4,13929.0,13929.0,35.78,2.762384721358053e-9
4,13934.0,13934.0,35.697,2.7906340303680704e-9
4,13939.0,13939.0,35.623,2.48346099542906e-9
4,13944.0,13944.0,35.531,3.0814646648508083e-9
4,13949.0,13949.0,35.455,2.5404581350765694e-9
4,13954.0,13954.0,35.379,2.535927009025066e-9
4,13960.0,13960.0,35.302,2.564847215710807e-9
4,13965.0,13965.0,35.217,2.825847246649395e-9
4,13970.0,13970.0,35.126,3.0188487585109384e-9
4,13975.0,13975.0,35.035,3.0121157043736087e-9
4,13980.0,13980.0,34.942,3.0713415207605008e-9
4,13985.0,13985.0,34.852,2.9655533435562694e-9
4,13990.0,13990.0,34.757,3.123125135847691e-9
4,13995.0,13995.0,34.669,2.8864257488006847e-9
4,14000.0,14000.0,34.58,2.9128238355652647e-9
4,14005.0,14005.0,34.492,2.8737599487057674e-9
4,14010.0,14010.0,34.403,2.900003469982318e-9
4,14015.0,14015.0,34.308,3.088343849181392e-9
4,14020.0,14020.0,34.218,2.9189629066685255e-9
4,14025.0,14025.0,34.128,2.9123338145891114e-9
4,14030.0,14030.0,34.04,2.841211518211657e-9
4,14035.0,14035.0,33.957,2.674009419173412e-9
4,14040.0,14040.0,33.873,2.7005416646038844e-9
4,14045.0,14045.0,33.786,2.7909319147457192e-9
4,14050.0,14050.0,33.695,2.912607057280179e-9
4,14055.0,14055.0,33.6,3.0333318403283723e-9
4,14060.0,14060.0,33.524,2.4213602736914413e-9
4,14065.0,14065.0,33.465,1.8766267995251414e-9
4,14070.0,14070.0,33.409,1.7787794212723728e-9
4,14075.0,14075.0,33.365,1.396018404752945e-9
4,14080.0,14080.0,33.312,1.6797213678018157e-9
4,14085.0,14085.0,33.251,1.9306442009989785e-9
4,14090.0,14090.0,33.182,2.1803520367137113e-9
4,14095.0,14095.0,33.099,2.6176700005307204e-9
4,14100.0,14100.0,33.026,2.297684153093006e-9
4,14105.0,14105.0,32.947,2.481698888538991e-9
4,14110.0,14110.0,32.869,2.445320405245629e-9
4,14115.0,14115.0,32.794,2.3466349673983774e-9
4,14120.0,14120.0,32.712,2.560426427441534e-9
4,14125.0,14125.0,32.639,2.2748157437469212e-9
4,14130.0,14130.0,32.587,1.6178897469294652e-9
4,14135.0,14135.0,32.564,7.150351738748981e-10
4,14140.0,14140.0,32.527,1.1496211587548374e-9
4,14145.0,14145.0,32.458,2.1411536667698645e-9
4,14150.0,14150.0,32.39,2.1064182561673314e-9
4,14156.0,14156.0,32.32,2.164674817950041e-9
4,14161.0,14161.0,32.254,2.0374089933007535e-9
4,14166.0,14166.0,32.236,5.551301186259509e-10
4,14613.0,14613.0,32.176,1.906514400926512e-9
4,14618.0,14618.0,32.083,2.9490866964928596e-9
4,14623.0,14623.0,32.002,2.5624804380260934e-9
4,14628.0,14628.0,31.924,2.462293144677045e-9
4,14633.0,14633.0,31.845,2.4885865045521946e-9
4,14639.0,14639.0,31.758,2.734581902494533e-9
4,14644.0,14644.0,31.674,2.634086801636002e-9
4,14649.0,14649.0,31.591,2.596762643788532e-9
4,14654.0,14654.0,31.504,2.7155203120564195e-9
4,14659.0,14659.0,31.426,2.4290661972895254e-9
4,14664.0,14664.0,31.347,2.4549073095120147e-9
4,14669.0,14669.0,31.266,2.511497275672689e-9
4,14674.0,14674.0,31.197,2.135025741124404e-9
4,14679.0,14679.0,31.13,2.0693319715262647e-9
4,14684.0,14684.0,31.061,2.1271772412891455e-9
4,14689.0,14689.0,30.997,1.969484880037716e-9
4,14694.0,14694.0,30.923,2.272926405596875e-9
4,14699.0,14699.0,30.865,1.7782900253676254e-9
4,14704.0,14704.0,30.789,2.3259105873008644e-9
4,14709.0,14709.0,30.712,2.3514660978253094e-9
4,14714.0,14714.0,30.64,2.194192084652488e-9
4,14719.0,14719.0,30.568,2.1897859343231763e-9
4,14724.0,14724.0,30.498,2.124740975487183e-9
4,14729.0,14729.0,30.423,2.2718738894558137e-9
4,14734.0,14734.0,30.346,2.327427447089593e-9
4,14739.0,14739.0,30.268,2.3524382772629243e-9
4,14744.0,14744.0,30.194,2.2269590031629774e-9
4,14749.0,14749.0,30.115,2.372217281703731e-9
4,14754.0,14754.0,30.027,2.6360460251054546e-9
4,14759.0,14759.0,29.924,3.076615759006271e-9
4,14764.0,14764.0,29.815,3.2454218374894647e-9
4,14769.0,14769.0,29.707,3.2050516500072642e-9
4,14774.0,14774.0,29.604,3.0468651751059655e-9
4,14779.0,14779.0,29.504,2.9489946518140112e-9
4,14784.0,14784.0,29.401,3.0280567490739934e-9
4,14789.0,14789.0,29.296,3.0769942466779523e-9
4,14794.0,14794.0,29.184,3.2710988784484544e-9
4,14799.0,14799.0,29.081,2.9981959751858727e-9
4,14804.0,14804.0,28.975,3.0754928585617894e-9
4,14809.0,14809.0,28.871,3.0075653784998847e-9
4,14814.0,14814.0,28.774,2.7963297892452607e-9
4,14819.0,14819.0,28.682,2.6443856046500964e-9
4,14824.0,14824.0,28.586,2.7512580531980693e-9
4,14829.0,14829.0,28.496,2.5717942855095013e-9
4,14834.0,14834.0,28.417,2.251539217127976e-9
4,14839.0,14839.0,28.319,2.7853007467132885e-9
4,14844.0,14844.0,28.234,2.4088413114345913e-9
4,14849.0,14849.0,28.14,2.656357866685673e-9
4,14854.0,14854.0,28.046,2.6483907306300754e-9
4,14859.0,14859.0,27.966,2.247725750435677e-9
4,14865.0,14865.0,27.88,2.410116899282539e-9
4,14870.0,14870.0,27.795,2.3755971254227437e-9
4,14875.0,14875.0,27.71,2.3691397432356874e-9
4,14880.0,14880.0,27.629,2.251655413826782e-9
4,14885.0,14885.0,27.545,2.328870108881428e-9
4,14890.0,14890.0,27.467,2.156896997602143e-9
4,14895.0,14895.0,27.384,2.289210982497817e-9
4,14900.0,14900.0,27.305,2.1731815692705523e-9
4,14905.0,14905.0,27.222,2.277216636553135e-9
4,14910.0,14910.0,27.135,2.3803183626663746e-9
4,14915.0,14915.0,27.054,2.2100499243279544e-9
4,14920.0,14920.0,26.973,2.2041815658876214e-9
4,14925.0,14925.0,26.888,2.3066959284950774e-9
4,14930.0,14930.0,26.803,2.300185690681784e-9
4,14935.0,14935.0,26.716,2.3475515663953553e-9
4,14940.0,14940.0,26.632,2.2601158303058555e-9
4,14945.0,14945.0,26.543,2.3876798576077907e-9
4,14950.0,14950.0,26.45,2.487283669809645e-9
4,14955.0,14955.0,26.356,2.505995076988325e-9
4,14960.0,14960.0,26.267,2.3652653770517547e-9
4,14965.0,14965.0,26.178,2.3580526013076383e-9
4,14970.0,14970.0,26.092,2.27172324990826e-9
4,14975.0,14975.0,26.011,2.133522616743032e-9
4,14980.0,14980.0,25.936,1.9702267874935126e-9
4,14985.0,14985.0,25.86,1.9913574946183407e-9
4,14990.0,14990.0,25.784,1.9861761781300476e-9
4,14995.0,14995.0,25.695,2.319258996184379e-9
4,15000.0,15000.0,25.61,2.208271908762074e-9
4,15005.0,15005.0,25.534,1.968914941030471e-9
4,15010.0,15010.0,25.457,1.9895168316151087e-9
4,15015.0,15015.0,25.383,1.906976184298673e-9
4,15020.0,15020.0,25.308,1.9277234303873408e-9
4,15025.0,15025.0,25.232,1.948255817359582e-9
4,15030.0,15030.0,25.183,1.2534225487719027e-9
4,15035.0,15035.0,25.17,3.3224220969608464e-10
4,15040.0,15040.0,25.152,4.598973487277948e-10
4,15045.0,15045.0,25.101,1.3016883940635417e-9
4,15050.0,15050.0,25.029,1.8337890373253394e-9
4,15055.0,15055.0,24.96,1.7530204029822441e-9
4,15060.0,15060.0,24.894,1.672829150780035e-9
4,15065.0,15065.0,24.864,7.591646506779874e-10
4,15085.0,15085.0,24.837,6.833715223253017e-10
4,15090.0,15090.0,24.767,1.7688322577564315e-9
4,15095.0,15095.0,24.713,1.3615676969961449e-9
4,15101.0,15101.0,24.701,3.022871149311927e-10
4,15121.0,15121.0,24.651,1.259615354909477e-9
4,15126.0,15126.0,24.605,1.1569743731164592e-9
4,15146.0,15146.0,24.573,8.04639715224773e-10
4,15151.0,15151.0,24.529,1.1050344759909982e-9
4,15171.0,15171.0,24.502,6.780026550218521e-10
4,15176.0,15176.0,24.483,4.768224582080263e-10
4,15201.0,15201.0,24.443,1.0042793491835632e-9
4,15226.0,15226.0,24.413,7.533688484593873e-10
4,15246.0,15246.0,24.41,7.538488958352522e-11
4,15251.0,15251.0,24.365,1.130032109677132e-9
4,15276.0,15276.0,24.327,9.54187077879306e-10
4,15302.0,15302.0,24.307,5.024592605640632e-10
4,15307.0,15307.0,24.281,6.527924519207429e-10
4,15327.0,15327.0,24.273,2.0098091982750578e-10
4,15332.0,15332.0,24.224,1.2299641012706065e-9
4,15387.0,15387.0,24.206,4.5281791334428066e-10
4,15392.0,15392.0,24.203,7.546144061284473e-11
4,15412.0,15412.0,24.167,9.059834402873647e-10
4,15417.0,15417.0,24.113,1.3568866350248626e-9
4,15447.0,15447.0,24.099,3.519735279441608e-10
4,15478.0,15478.0,24.077,5.537974255014302e-10
4,15498.0,15498.0,24.054,5.79176655439959e-10
4,15503.0,15503.0,24.038,4.027089106703649e-10
4,15528.0,15528.0,23.994,1.1078514758203887e-9
4,15553.0,15553.0,23.935,1.4847291071295498e-9
4,15558.0,15558.0,23.871,1.6069368847587608e-9
4,15563.0,15563.0,23.813,1.4530369604998535e-9
4,15568.0,15568.0,23.759,1.350083607323386e-9
4,15573.0,15573.0,23.695,1.5966427549963577e-9
4,15578.0,15578.0,23.627,1.6922572156367883e-9
4,15583.0,15583.0,23.555,1.787074198204414e-9
4,15588.0,15588.0,23.481,1.831619125394886e-9
4,15593.0,15593.0,23.401,1.9742787341668275e-9
4,15598.0,15598.0,23.32,1.9927312695647447e-9
4,15603.0,15603.0,23.248,1.7660819924677785e-9
4,15608.0,15608.0,23.177,1.7367615216733134e-9
4,15613.0,15613.0,23.105,1.7563604348727814e-9
4,15618.0,15618.0,23.04,1.581415883992553e-9
4,15623.0,15623.0,22.962,1.892423882540991e-9
4,15628.0,15628.0,22.876,2.079745461391698e-9
4,15633.0,15633.0,22.794,1.9763773270220903e-9
4,15638.0,15638.0,22.716,1.8739815816963826e-9
4,15643.0,15643.0,22.635,1.9398788279349193e-9
4,15648.0,15648.0,22.544,2.171798430063953e-9
4,15653.0,15653.0,22.458,2.0450810427112646e-9
4,15658.0,15658.0,22.369,2.1088643327864987e-9
4,15663.0,15663.0,22.273,2.266065689812678e-9
4,15668.0,15668.0,22.192,1.9050200440570863e-9
4,15673.0,15673.0,22.111,1.898685174507111e-9
4,15678.0,15678.0,22.029,1.9156647701812083e-9
4,15684.0,15684.0,21.943,2.0022309730870227e-9
4,15689.0,15689.0,21.859,1.948727711796433e-9
4,15694.0,15694.0,21.783,1.7572540651514865e-9
4,15699.0,15699.0,21.722,1.4064479637146376e-9
4,15704.0,15704.0,21.651,1.6325660793073864e-9
4,15709.0,15709.0,21.572,1.8108113544660163e-9
4,15714.0,15714.0,21.496,1.73635178007852e-9
4,15719.0,15719.0,21.413,1.8898793115199267e-9
4,15724.0,15724.0,21.323,2.0416537296975076e-9
4,15729.0,15729.0,21.239,1.8983885116456385e-9
4,15734.0,15734.0,21.155,1.891496310557928e-9
4,15739.0,15739.0,21.092,1.4141524513626993e-9
4,15744.0,15744.0,21.017,1.6785486906041886e-9
4,15749.0,15749.0,20.934,1.8512116053453176e-9
4,15754.0,15754.0,20.852,1.8222928224227472e-9
4,15759.0,15759.0,20.769,1.8378155826791358e-9
4,15764.0,15764.0,20.692,1.6989460777510778e-9
4,15769.0,15769.0,20.612,1.7590124905797145e-9
4,15774.0,15774.0,20.527,1.8620749773740262e-9
4,15779.0,15779.0,20.45,1.6807109603949872e-9
4,15784.0,15784.0,20.366,1.826877683846018e-9
4,15789.0,15789.0,20.275,1.9712562065665734e-9
4,15794.0,15794.0,20.186,1.92000086204388e-9
4,15799.0,15799.0,20.093,1.9979006981789347e-9
4,15804.0,15804.0,20.002,1.9466205432111846e-9
4,15809.0,15809.0,19.909,1.9809003496582484e-9
4,15814.0,15814.0,19.813,2.0357607918213086e-9
4,15819.0,15819.0,19.72,1.9633802507704104e-9
4,15824.0,15824.0,19.624,2.0176632781819984e-9
4,15829.0,15829.0,19.536,1.8414566754499084e-9
4,15834.0,15834.0,19.452,1.7505864202313852e-9
4,15839.0,15839.0,19.368,1.7435935230486107e-9
4,15844.0,15844.0,19.284,1.7365958618713255e-9
4,15849.0,15849.0,19.206,1.6063014460953191e-9
4,15854.0,15854.0,19.142,1.3135427680675892e-9
4,15859.0,15859.0,19.093,1.0030339773548552e-9
4,15864.0,15864.0,19.039,1.1027541898190193e-9
4,15869.0,15869.0,18.98,1.2016692072283438e-9
4,15874.0,15874.0,18.918,1.2591487192310138e-9
4,15879.0,15879.0,18.863,1.113889110201639e-9
4,15884.0,15884.0,18.815,9.69776439229274e-10
4,15889.0,15889.0,18.764,1.0280035901322416e-9
4,15894.0,15894.0,18.706,1.166077905338661e-9
4,15899.0,15899.0,18.64,1.3229410998528418e-9
4,15904.0,15904.0,18.581,1.1790414866792143e-9
4,15909.0,15909.0,18.513,1.3546844113835945e-9
4,15914.0,15914.0,18.449,1.27085927120926e-9
4,15919.0,15919.0,18.384,1.2866158687125991e-9
4,15924.0,15924.0,18.322,1.223386235363718e-9
4,15929.0,15929.0,18.258,1.258910507899928e-9
4,15935.0,15935.0,18.191,1.3136968523962415e-9
4,15940.0,15940.0,18.132,1.1532002040437487e-9
4,15945.0,15945.0,18.078,1.0525178729067638e-9
4,15950.0,15950.0,18.03,9.332285782130409e-10
4,15955.0,15955.0,17.993,7.178952533520739e-10
4,15960.0,15960.0,17.94,1.026088700673694e-9
4,15965.0,15965.0,17.878,1.196863480348955e-9
4,15970.0,15970.0,17.806,1.3851398195740128e-9
4,15975.0,15975.0,17.743,1.2077901289715465e-9
4,15980.0,15980.0,17.681,1.1848100648576012e-9
4,15985.0,15985.0,17.618,1.2000470217763784e-9
4,15990.0,15990.0,17.558,1.1392757095113264e-9
4,15995.0,15995.0,17.492,1.2491047889701395e-9
4,16000.0,16000.0,17.417,1.4141690409805028e-9
4,16005.0,16005.0,17.346,1.333564257053271e-9
4,16010.0,16010.0,17.285,1.1417443481269156e-9
4,16015.0,16015.0,17.232,9.890506354065209e-10
4,16020.0,16020.0,17.184,8.934017797867905e-10
4,16025.0,16025.0,17.14,8.170173498348177e-10
4,16030.0,16030.0,17.088,9.631658158648791e-10
4,16035.0,16035.0,17.022,1.2186452228173872e-9
4,16040.0,16040.0,16.955,1.232670117720789e-9
4,16045.0,16045.0,16.883,1.319652470387972e-9
4,16050.0,16050.0,16.805,1.4237296808924375e-9
4,16055.0,16055.0,16.726,1.435709512892156e-9
4,16060.0,16060.0,16.651,1.357177884817934e-9
4,16065.0,16065.0,16.572,1.4234077907363442e-9
4,16070.0,16070.0,16.506,1.1843545322027562e-9
4,16075.0,16075.0,16.445,1.0907672424804932e-9
4,16080.0,16080.0,16.384,1.0870667306954064e-9
4,16085.0,16085.0,16.321,1.1188154095180247e-9
4,16090.0,16090.0,16.257,1.1325127712006241e-9
4,16095.0,16095.0,16.195,1.0932180885291234e-9
4,16100.0,16100.0,16.138,1.0016809285183266e-9
4,16105.0,16105.0,16.079,1.033428677632924e-9
4,16110.0,16110.0,16.02,1.029963242908119e-9
4,16115.0,16115.0,15.963,9.917610197292316e-10
4,16120.0,16120.0,15.899,1.1096875559771008e-9
4,16125.0,16125.0,15.863,6.224331816227177e-10
4,16145.0,16145.0,15.845,3.1107282634369665e-10
4,16150.0,16150.0,15.793,8.969486141002848e-10
4,16155.0,16155.0,15.754,6.70984219426334e-10
4,16160.0,16160.0,15.717,6.352377438561571e-10
4,16165.0,16165.0,15.713,6.860610322711381e-11
4,16170.0,16170.0,15.705,1.3720224365643129e-10
4,16176.0,16176.0,15.691,2.40024827078078e-10
4,16196.0,16196.0,15.661,5.142531308606939e-10
4,16201.0,16201.0,15.658,5.138704385048383e-11
4,16221.0,16221.0,15.628,5.139626872196349e-10
4,16251.0,16251.0,15.605,3.94098061515676e-10
4,16256.0,16256.0,15.583,3.7653605497258726e-10
4,16261.0,16261.0,15.561,3.7612048936770355e-10
4,16266.0,16266.0,15.535,4.4395741572735883e-10
4,16271.0,16271.0,15.512,3.9223323866047934e-10
4,16276.0,16276.0,15.478,5.78936385855309e-10
4,16281.0,16281.0,15.439,6.627133212056711e-10
4,16286.0,16286.0,15.392,7.966775347090696e-10
4,16291.0,16291.0,15.34,8.788698842101467e-10
4,16296.0,16296.0,15.274,1.1115466664276733e-9
4,16301.0,16301.0,15.221,8.894088076300843e-10
4,16306.0,16306.0,15.165,9.36680910974401e-10
4,16311.0,16311.0,15.107,9.667904842318035e-10
4,16316.0,16316.0,15.056,8.473075534223802e-10
4,16321.0,16321.0,15.002,8.943000929044875e-10
4,16326.0,16326.0,14.937,1.072539042301026e-9
4,16328.0,16328.0,14.91,4.442015939343461e-10
4,16329.0,16329.0,14.897,2.1360129436522348e-10
4,16334.0,16334.0,14.819,1.2780862857667805e-9
4,16339.0,16339.0,14.74,1.2880270171812883e-9
4,16344.0,16344.0,14.643,1.572566045205348e-9
4,16349.0,16349.0,14.576,1.0804732422155595e-9
4,16369.0,16369.0,14.528,7.719670060532252e-10
4,16390.0,16390.0,14.497,4.978466016792019e-10
4,16410.0,16410.0,14.474,3.6913274676463135e-10
4,16415.0,16415.0,14.459,2.404962363720924e-10
4,16435.0,16435.0,14.453,9.62457952199096e-11
4,16500.0,16500.0,14.452,1.6100508372651422e-11
4,16505.0,16505.0,14.443,1.4489833932178653e-10
4,16530.0,16530.0,14.436,1.1280691318275218e-10
4,16556.0,16556.0,14.418,2.9027967050013773e-10
4,16561.0,16561.0,14.39,4.5096243624958613e-10
4,16601.0,16601.0,14.369,3.384620622368904e-10
4,16621.0,16621.0,14.355,2.2563827681038308e-10
4,16646.0,16646.0,14.354,1.6132832574058537e-11
4,16651.0,16651.0,14.33,3.8696701507919127e-10
4,16701.0,16701.0,14.292,6.132092835990839e-10
4,16727.0,16727.0,14.252,6.447265457578561e-10
4,16732.0,16732.0,14.225,4.3429869708149725e-10
4,16757.0,16757.0,14.222,4.8276599117629434e-11
4,16777.0,16777.0,14.189,5.310035636196651e-10
4,16802.0,16802.0,14.166,3.6991431595889295e-10
4,16822.0,16822.0,14.161,8.043237388426522e-11
4,16827.0,16827.0,14.107,8.671180134930241e-10
4,16857.0,16857.0,14.1,1.1236159526502852e-10
4,16882.0,16882.0,14.056,7.060414531067806e-10
4,16973.0,16973.0,14.048,1.2882477901390408e-10
4,17003.0,17003.0,13.995,8.531169437264484e-10
4,17008.0,17008.0,13.91,1.361873818742795e-9
4,17013.0,17013.0,13.829,1.2904446831501766e-9
4,17018.0,17018.0,13.737,1.4569772470042176e-9
4,17023.0,17023.0,13.643,1.4790405048102563e-9
4,17028.0,17028.0,13.558,1.3290768969253922e-9
4,17033.0,17033.0,13.475,1.2901676686259218e-9
4,17038.0,17038.0,13.379,1.4827963307492063e-9
4,17043.0,17043.0,13.279,1.5337560144290767e-9
4,17048.0,17048.0,13.158,1.8409994095005496e-9
4,17053.0,17053.0,13.055,1.554309192124902e-9
4,17058.0,17058.0,12.962,1.3933202426145e-9
4,17063.0,17063.0,12.866,1.428236319094697e-9
4,17068.0,17068.0,12.77,1.418034513598562e-9
4,17074.0,17074.0,12.671,1.4517349110804671e-9
4,17079.0,17079.0,12.576,1.3828608928891578e-9
4,17084.0,17084.0,12.474,1.4736017746367642e-9
4,17089.0,17089.0,12.374,1.4334770996309902e-9
4,17094.0,17094.0,12.276,1.3940211730346303e-9
4,17099.0,17099.0,12.175,1.4255136586755196e-9
4,17104.0,17104.0,12.078,1.3583683690647757e-9
4,17109.0,17109.0,11.98,1.3617359206858946e-9
4,17114.0,17114.0,11.881,1.364765496006801e-9
4,17119.0,17119.0,11.782,1.3538360097153113e-9
4,17124.0,17124.0,11.678,1.4104225321074123e-9
4,17129.0,17129.0,11.577,1.3581645736432385e-9
4,17134.0,17134.0,11.48,1.293647541642987e-9
4,17139.0,17139.0,11.386,1.2436157187160979e-9
4,17144.0,17144.0,11.292,1.2337507615149034e-9
4,17149.0,17149.0,11.195,1.2627713665124552e-9
4,17154.0,17154.0,11.101,1.2136763414528488e-9
4,17159.0,17159.0,11.005,1.2292947988173297e-9
4,17164.0,17164.0,10.914,1.155748413585804e-9
4,17169.0,17169.0,10.821,1.1715754560901049e-9
4,17174.0,17174.0,10.723,1.2240708218937864e-9
4,17179.0,17179.0,10.632,1.1269937794363003e-9
4,17184.0,17184.0,10.542,1.10548372525057e-9
4,17189.0,17189.0,10.447,1.1570406990110472e-9
4,17194.0,17194.0,10.355,1.1108425658852576e-9
4,17199.0,17199.0,10.261,1.125169954850876e-9
4,17204.0,17204.0,10.168,1.1034233296915804e-9
4,17209.0,17209.0,10.069,1.1639106230237302e-9
4,17214.0,17214.0,9.971,1.1412696356010407e-9
4,17219.0,17219.0,9.875,1.1074772592019421e-9
4,17224.0,17224.0,9.778,1.108452982771908e-9
4,17229.0,17229.0,9.683,1.0753045911600743e-9
4,17234.0,17234.0,9.587,1.0762711710814202e-9
4,17239.0,17239.0,9.491,1.065856696987944e-9
4,17244.0,17244.0,9.403,9.678928206744047e-10
4,17249.0,17249.0,9.312,9.916943001772297e-10
4,17254.0,17254.0,9.218,1.014555332286501e-9
4,17259.0,17259.0,9.122,1.025814572498108e-9
4,17264.0,17264.0,9.024,1.0364087734102231e-9
4,17269.0,17269.0,8.923,1.0567277134161824e-9
4,17274.0,17274.0,8.826,1.0039710966702561e-9
4,17279.0,17279.0,8.723,1.0543647414919208e-9
4,17284.0,17284.0,8.627,9.718464239473626e-10
4,17289.0,17289.0,8.534,9.31489760679446e-10
4,17294.0,17294.0,8.439,9.413699748493905e-10
4,17299.0,17299.0,8.343,9.408461663098238e-10
4,17304.0,17304.0,8.253,8.725194424548783e-10
4,17309.0,17309.0,8.161,8.823825390245837e-10
4,17314.0,17314.0,8.062,9.387424283271187e-10
4,17319.0,17319.0,7.977,7.970796041866213e-10
4,17324.0,17324.0,7.889,8.165465877918352e-10
4,17329.0,17329.0,7.801,8.077217705752324e-10
4,17334.0,17334.0,7.711,8.169430245009837e-10
4,17339.0,17339.0,7.625,7.719999440509882e-10
4,17344.0,17344.0,7.536,7.900412917091383e-10
4,17349.0,17349.0,7.455,7.111688752546647e-10
4,17354.0,17354.0,7.38,6.51825097546487e-10
4,17359.0,17359.0,7.312,5.854599707186226e-10
4,17364.0,17364.0,7.239,6.226559595295361e-10
4,17369.0,17369.0,7.165,6.249889209224731e-10
4,17374.0,17374.0,7.085,6.686322802743056e-10
4,17379.0,17379.0,7.003,6.777517532429376e-10
4,17384.0,17384.0,6.924,6.456795793193134e-10
4,17389.0,17389.0,6.822,8.230643476998132e-10
4,17394.0,17394.0,6.736,6.846619894521689e-10
4,17399.0,17399.0,6.649,6.839818655546202e-10
4,17404.0,17404.0,6.561,6.829945457836611e-10
4,17409.0,17409.0,6.464,7.425162500391334e-10
4,17415.0,17415.0,6.359,7.915622809343535e-10
4,17420.0,17420.0,6.267,6.831002340803717e-10
4,17425.0,17425.0,6.17,7.096477440751177e-10
4,17430.0,17430.0,6.076,6.773328936222271e-10
4,17435.0,17435.0,5.984,6.530399616829833e-10
4,17440.0,17440.0,5.894,6.293829622259773e-10
4,17445.0,17445.0,5.804,6.200229589899083e-10
4,17450.0,17450.0,5.709,6.443030873567173e-10
4,17455.0,17455.0,5.616,6.206170227066303e-10
4,17460.0,17460.0,5.52,6.301259508978632e-10
4,17465.0,17465.0,5.42,6.450131713166791e-10
4,17470.0,17470.0,5.321,6.271269830254525e-10
4,17475.0,17475.0,5.219,6.342210294095303e-10
4,17480.0,17480.0,5.117,6.221237366929569e-10
4,17485.0,17485.0,5.021,5.744759178882158e-10
4,17490.0,17490.0,4.938,4.880522343703481e-10
4,17495.0,17495.0,4.846,5.316194837134226e-10
4,17500.0,17500.0,4.755,5.161531496822199e-10
4,17505.0,17505.0,4.658,5.395660047244495e-10
4,17510.0,17510.0,4.562,5.23203898473826e-10
4,17515.0,17515.0,4.46,5.441214006468148e-10
4,17520.0,17520.0,4.371,4.6485409851579806e-10
4,17525.0,17525.0,4.277,4.809326173005359e-10
4,17530.0,17530.0,4.178,4.953513988663179e-10
4,17535.0,17535.0,4.084,4.5972856113667915e-10
4,17540.0,17540.0,3.991,4.4466990713839135e-10
4,17545.0,17545.0,3.893,4.57623939019815e-10
4,17550.0,17550.0,3.799,4.2837776547207316e-10
4,17555.0,17555.0,3.708,4.0484736143457466e-10
4,17560.0,17560.0,3.614,4.080043194223439e-10
4,17565.0,17565.0,3.527,3.6839108429398773e-10
4,17570.0,17570.0,3.441,3.5543568333808457e-10
4,17575.0,17575.0,3.351,3.626754774995403e-10
4,17580.0,17580.0,3.258,3.6477094837213096e-10
4,17585.0,17585.0,3.163,3.6211900551980273e-10
4,17590.0,17590.0,3.066,3.5878855063528325e-10
4,17595.0,17595.0,2.965,3.618117315968169e-10
4,17600.0,17600.0,2.868,3.3617007392989336e-10
4,17605.0,17605.0,2.773,3.1849191018546106e-10
4,17610.0,17610.0,2.676,3.142176449568155e-10
4,17615.0,17615.0,2.579,3.0311663657116933e-10
4,17620.0,17620.0,2.48,2.9791231014539277e-10
4,17625.0,17625.0,2.382,2.8349984580087584e-10
4,17630.0,17630.0,2.285,2.694291112926572e-10
4,17635.0,17635.0,2.187,2.609071649501685e-10
4,17640.0,17640.0,2.089,2.495427887303159e-10
4,17645.0,17645.0,1.986,2.500167881086606e-10
4,17650.0,17650.0,1.882,2.396884933971422e-10
4,17655.0,17655.0,1.779,2.247436069398385e-10
4,17660.0,17660.0,1.677,2.101586528823277e-10
4,17665.0,17665.0,1.571,2.0531382725438852e-10
4,17670.0,17670.0,1.455,2.0938527349130084e-10
4,17675.0,17675.0,1.341,1.9018843817520428e-10
4,17680.0,17680.0,1.227,1.7472892402878573e-10
4,17685.0,17685.0,1.115,1.5660032127524133e-10
4,17690.0,17690.0,1.005,1.39264059366478e-10
4,17695.0,17695.0,0.895,1.2484740627181608e-10
4,17700.0,17700.0,0.773,1.2159390734938623e-10
4,17705.0,17705.0,0.657,9.914541362228698e-11
4,17710.0,17710.0,0.547,7.918089464311755e-11
4,17715.0,17715.0,0.435,6.577386131641575e-11
4,17720.0,17720.0,0.322,5.11706238438892e-11
4,17725.0,17725.0,0.225,3.174884829012463e-11
4,17730.0,17730.0,0.143,1.806146932277578e-11
4,17735.0,17735.0,7.4e-2,8.96443016968913e-12
4,17740.0,17740.0,3.3e-2,2.6272652467497453e-12
4,17745.0,17745.0,3.0e-2,1.1321930353408539e-13
4,17745.0,17745.0,3.0e-2,18.325799999999997
